"Data","Ostatnio","Otwarcie","Max.","Min.","Wol.","Zmiana%"
"13.10.2021","1.796,70","1.761,90","1.798,40","1.760,00","5,67K","2,02%"
"12.10.2021","1.761,20","1.755,70","1.771,70","1.753,80","4,82K","0,20%"
"11.10.2021","1.757,70","1.760,30","1.762,30","1.752,10","4,27K","-0,10%"
"08.10.2021","1.759,40","1.756,40","1.783,20","1.755,60","7,54K","-0,10%"
"07.10.2021","1.761,10","1.765,70","1.769,30","1.754,50","5,37K","-0,15%"
"06.10.2021","1.763,70","1.762,40","1.767,40","1.747,90","3,61K","0,05%"
"05.10.2021","1.762,80","1.772,90","1.772,90","1.751,10","4,83K","-0,37%"
"04.10.2021","1.769,40","1.762,40","1.772,60","1.749,70","2,67K","0,53%"
"01.10.2021","1.760,10","1.759,10","1.766,40","1.751,60","5,81K","0,09%"
"30.09.2021","1.758,50","1.728,10","1.766,30","1.724,50","15,87K","1,95%"
"29.09.2021","1.724,90","1.736,00","1.747,60","1.723,70","2,05K","-0,84%"
"28.09.2021","1.739,50","1.752,80","1.755,60","1.729,90","2,58K","-0,83%"
"27.09.2021","1.754,00","1.754,20","1.762,60","1.748,00","1,82K","0,01%"
"24.09.2021","1.753,80","1.746,00","1.759,90","1.743,00","1,77K","0,11%"
"23.09.2021","1.751,80","1.771,40","1.778,60","1.740,00","2,14K","-1,64%"
"22.09.2021","1.781,00","1.777,10","1.789,70","1.767,20","2,85K","0,04%"
"21.09.2021","1.780,30","1.767,80","1.784,60","1.761,30","2,22K","0,82%"
"20.09.2021","1.765,90","1.755,60","1.770,00","1.745,60","3,38K","0,71%"
"17.09.2021","1.753,40","1.756,80","1.769,10","1.750,00","2,61K","-0,30%"
"16.09.2021","1.758,70","1.798,10","1.798,60","1.747,50","1,68K","-2,13%"
"15.09.2021","1.796,90","1.808,30","1.809,60","1.794,10","0,93K","-0,68%"
"14.09.2021","1.809,20","1.796,40","1.812,70","1.783,00","1,75K","0,71%"
"13.09.2021","1.796,50","1.791,30","1.802,10","1.786,80","3,76K","0,13%"
"10.09.2021","1.794,20","1.797,90","1.807,70","1.790,40","2,89K","-0,44%"
"09.09.2021","1.802,10","1.793,60","1.804,80","1.787,80","5,86K","0,36%"
"08.09.2021","1.795,70","1.798,90","1.805,50","1.785,60","2,03K","-0,27%"
"07.09.2021","1.800,60","1.834,00","1.834,00","1.796,00","3,45K","-1,37%"
"06.09.2021","1.825,65","1.829,95","1.830,65","1.823,65","-","-0,24%"
"05.09.2021","1.830,05","1.832,20","1.832,50","1.829,65","-","-0,31%"
"03.09.2021","1.835,70","1.813,50","1.838,70","1.813,50","3,62K","1,23%"
"02.09.2021","1.813,40","1.818,40","1.821,00","1.809,50","2,29K","-0,25%"
"01.09.2021","1.818,00","1.818,60","1.824,30","1.813,80","2,59K","-0,12%"
"31.08.2021","1.820,10","1.814,40","1.821,80","1.806,60","0,79K","0,33%"
"30.08.2021","1.814,20","1.822,90","1.828,00","1.812,60","0,41K","-0,40%"
"27.08.2021","1.821,50","1.796,70","1.823,70","1.788,70","0,88K","1,35%"
"26.08.2021","1.797,20","1.795,20","1.802,10","1.783,40","0,97K","0,23%"
"25.08.2021","1.793,00","1.805,90","1.805,90","1.787,00","0,44K","-0,97%"
"24.08.2021","1.810,50","1.809,50","1.814,00","1.805,30","0,59K","0,12%"
"23.08.2021","1.808,30","1.783,80","1.810,30","1.780,20","1,26K","1,25%"
"20.08.2021","1.786,00","1.784,20","1.792,30","1.782,00","0,70K","0,05%"
"19.08.2021","1.785,10","1.791,50","1.796,30","1.776,60","2,50K","-0,07%"
"18.08.2021","1.786,40","1.790,40","1.797,50","1.784,10","1,23K","-0,19%"
"17.08.2021","1.789,80","1.791,00","1.799,00","1.785,00","1,72K","-0,12%"
"16.08.2021","1.791,90","1.782,40","1.793,00","1.775,20","0,68K","0,65%"
"13.08.2021","1.780,30","1.759,80","1.783,50","1.758,50","0,97K","1,51%"
"12.08.2021","1.753,80","1.754,60","1.760,50","1.745,30","2,63K","-0,09%"
"11.08.2021","1.755,40","1.732,30","1.757,80","1.728,00","3,17K","1,25%"
"10.08.2021","1.733,70","1.734,00","1.740,40","1.720,70","3,72K","0,30%"
"09.08.2021","1.728,60","1.766,00","1.766,40","1.680,00","3,69K","-2,07%"
"06.08.2021","1.765,10","1.806,80","1.806,80","1.762,00","3,61K","-2,53%"
"05.08.2021","1.810,90","1.816,60","1.818,90","1.802,10","0,83K","-0,30%"
"04.08.2021","1.816,40","1.820,40","1.837,40","1.811,10","1,57K","0,02%"
"03.08.2021","1.816,10","1.817,90","1.819,20","1.811,80","1,46K","-0,44%"
"02.08.2021","1.824,20","1.818,60","1.825,10","1.811,30","1,28K","0,28%"
"30.07.2021","1.819,10","1.834,70","1.836,10","1.817,10","1,08K","-1,01%"
"29.07.2021","1.837,70","1.813,50","1.838,70","1.813,50","4,34K","1,73%"
"28.07.2021","1.806,50","1.810,30","1.815,60","1.798,00","6,00K","0,04%"
"27.07.2021","1.805,70","1.802,90","1.810,30","1.799,10","2,30K","0,03%"
"26.07.2021","1.805,10","1.808,00","1.816,10","1.802,30","1,41K","-0,13%"
"23.07.2021","1.807,50","1.812,80","1.813,30","1.795,20","2,34K","-0,19%"
"22.07.2021","1.811,00","1.806,70","1.813,40","1.798,20","0,83K","0,11%"
"21.07.2021","1.809,10","1.814,50","1.817,50","1.800,00","1,56K","-0,43%"
"20.07.2021","1.817,00","1.819,40","1.830,70","1.811,40","1,33K","0,11%"
"19.07.2021","1.815,00","1.818,20","1.821,80","1.801,30","2,07K","-0,33%"
"16.07.2021","1.821,10","1.837,60","1.837,60","1.815,60","2,61K","-0,76%"
"15.07.2021","1.835,00","1.834,10","1.840,30","1.826,80","1,39K","0,22%"
"14.07.2021","1.831,00","1.813,20","1.835,20","1.811,60","4,39K","0,83%"
"13.07.2021","1.815,90","1.814,30","1.821,00","1.808,30","3,44K","0,22%"
"12.07.2021","1.811,90","1.814,60","1.814,70","1.797,20","2,97K","-0,26%"
"09.07.2021","1.816,70","1.809,00","1.818,70","1.803,00","4,97K","0,58%"
"08.07.2021","1.806,20","1.809,90","1.824,40","1.799,60","3,54K","-0,10%"
"07.07.2021","1.808,00","1.805,30","1.815,30","1.803,60","1,38K","0,43%"
"06.07.2021","1.800,20","1.793,70","1.821,20","1.793,40","0,98K","0,50%"
"05.07.2021","1.791,30","1.786,50","1.794,65","1.784,75","-","0,27%"
"04.07.2021","1.786,40","1.788,00","1.788,00","1.785,80","-","-0,16%"
"02.07.2021","1.789,30","1.783,00","1.800,90","1.781,00","0,51K","0,37%"
"01.07.2021","1.782,70","1.776,00","1.789,00","1.775,00","0,42K","0,28%"
"30.06.2021","1.777,70","1.770,00","1.779,20","1.759,50","0,48K","0,46%"
"29.06.2021","1.769,50","1.781,00","1.782,60","1.757,60","0,89K","-0,97%"
"28.06.2021","1.786,90","1.788,20","1.791,20","1.780,20","0,48K","0,16%"
"25.06.2021","1.784,00","1.783,00","1.797,00","1.782,60","0,52K","0,07%"
"24.06.2021","1.782,80","1.784,80","1.794,00","1.778,90","0,26K","-0,38%"
"23.06.2021","1.789,60","1.787,40","1.801,00","1.780,40","0,29K","0,35%"
"22.06.2021","1.783,40","1.791,30","1.793,80","1.777,20","0,54K","-0,30%"
"21.06.2021","1.788,80","1.770,00","1.792,00","1.770,00","0,28K","0,79%"
"18.06.2021","1.774,80","1.786,10","1.800,80","1.768,80","0,70K","-0,32%"
"17.06.2021","1.780,50","1.818,70","1.830,10","1.774,00","0,93K","-4,64%"
"16.06.2021","1.867,20","1.863,70","1.868,50","1.814,10","0,92K","0,27%"
"15.06.2021","1.862,20","1.871,50","1.876,10","1.859,00","0,26K","-0,51%"
"14.06.2021","1.871,80","1.882,70","1.882,70","1.852,00","0,54K","-0,73%"
"11.06.2021","1.885,50","1.910,20","1.910,50","1.883,00","0,65K","-0,88%"
"10.06.2021","1.902,20","1.894,80","1.907,60","1.880,60","4,54K","0,04%"
"09.06.2021","1.901,40","1.900,70","1.903,00","1.896,90","0,15K","0,06%"
"08.06.2021","1.900,30","1.904,50","1.910,00","1.895,20","0,90K","-0,23%"
"07.06.2021","1.904,60","1.890,90","1.908,20","1.890,90","0,68K","0,36%"
"04.06.2021","1.897,70","1.874,40","1.902,60","1.861,80","0,54K","0,99%"
"03.06.2021","1.879,10","1.912,30","1.912,30","1.873,90","0,68K","-1,92%"
"02.06.2021","1.915,80","1.904,30","1.916,10","1.903,80","0,60K","0,26%"
"01.06.2021","1.910,90","1.915,00","1.922,80","1.900,90","0,71K","-0,01%"
"31.05.2021","1.911,15","1.906,80","1.913,40","1.904,85","-","0,23%"
"30.05.2021","1.906,75","1.907,60","1.907,90","1.906,10","-","-0,22%"
"28.05.2021","1.911,00","1.902,00","1.914,00","1.893,60","0,64K","0,35%"
"27.05.2021","1.904,40","1.907,00","1.909,60","1.897,70","0,41K","-0,26%"
"26.05.2021","1.909,30","1.915,30","1.916,40","1.908,80","0,95K","0,18%"
"25.05.2021","1.905,90","1.887,20","1.906,00","1.887,20","0,09K","0,71%"
"24.05.2021","1.892,40","1.889,00","1.893,10","1.888,80","1,27K","0,42%"
"21.05.2021","1.884,50","1.884,30","1.891,30","1.881,80","0,39K","-0,26%"
"20.05.2021","1.889,50","1.883,80","1.889,80","1.875,70","0,12K","0,02%"
"19.05.2021","1.889,10","1.875,10","1.892,60","1.871,00","0,49K","0,71%"
"18.05.2021","1.875,70","1.875,60","1.882,60","1.875,60","0,24K","0,03%"
"17.05.2021","1.875,20","1.853,20","1.875,70","1.853,10","0,70K","1,58%"
"14.05.2021","1.846,10","1.846,20","1.851,60","1.845,90","0,19K","0,78%"
"13.05.2021","1.831,90","1.824,00","1.835,30","1.818,00","0,89K","0,08%"
"12.05.2021","1.830,50","1.842,40","1.842,70","1.822,00","1,81K","-0,72%"
"11.05.2021","1.843,80","1.847,30","1.847,30","1.827,00","0,77K","-0,09%"
"10.05.2021","1.845,50","1.840,40","1.849,60","1.840,40","1,72K","0,34%"
"07.05.2021","1.839,20","1.825,40","1.847,60","1.825,40","0,66K","0,87%"
"06.05.2021","1.823,40","1.802,70","1.823,70","1.801,70","0,88K","1,74%"
"05.05.2021","1.792,20","1.785,70","1.790,10","1.785,70","0,23K","0,46%"
"04.05.2021","1.784,00","1.791,50","1.802,40","1.783,80","0,21K","-0,86%"
"03.05.2021","1.799,50","1.784,60","1.798,80","1.784,60","0,19K","1,34%"
"30.04.2021","1.775,70","1.775,60","1.779,20","1.773,70","0,21K","-0,02%"
"29.04.2021","1.776,00","1.795,40","1.795,40","1.767,00","0,16K","-0,33%"
"28.04.2021","1.781,80","1.780,00","1.787,80","1.776,70","0,04K","-0,28%"
"27.04.2021","1.786,80","1.789,00","1.789,00","1.785,80","0,01K","-0,07%"
"26.04.2021","1.788,00","1.788,40","1.789,90","1.788,10","0,05K","0,13%"
"23.04.2021","1.785,60","1.791,90","1.802,90","1.785,40","0,20K","-0,25%"
"22.04.2021","1.790,10","1.794,80","1.794,80","1.788,30","0,04K","-0,62%"
"21.04.2021","1.801,20","1.789,20","1.804,50","1.789,20","0,03K","0,82%"
"20.04.2021","1.786,50","1.778,40","1.786,80","1.775,00","0,01K","0,44%"
"19.04.2021","1.778,70","1.795,90","1.795,90","1.779,00","0,12K","-0,53%"
"16.04.2021","1.788,10","1.770,50","1.790,20","1.768,30","0,11K","0,76%"
"15.04.2021","1.774,70","1.760,00","1.776,90","1.760,00","0,12K","1,75%"
"14.04.2021","1.744,10","1.752,10","1.752,10","1.743,60","0,25K","-0,64%"
"13.04.2021","1.755,30","1.733,10","1.754,60","1.733,10","0,05K","0,85%"
"12.04.2021","1.740,50","1.740,30","1.740,30","1.740,30","0,07K","-0,68%"
"09.04.2021","1.752,50","1.748,70","1.754,70","1.748,70","0,10K","-0,76%"
"08.04.2021","1.765,90","1.760,00","1.760,00","1.758,40","0,33K","0,98%"
"07.04.2021","1.748,80","1.749,00","1.749,00","1.748,90","0,07K","-0,08%"
"06.04.2021","1.750,20","1.742,80","1.750,60","1.742,80","0,12K","0,81%"
"05.04.2021","1.736,10","1.732,00","1.736,50","1.732,00","0,19K","0,05%"
"01.04.2021","1.735,20","1.717,90","1.735,40","1.717,90","0,12K","0,74%"
"31.03.2021","1.722,40","1.691,20","1.721,20","1.686,10","0,04K","1,75%"
"30.03.2021","1.692,80","1.711,00","1.711,00","1.688,80","0,20K","-1,67%"
"29.03.2021","1.721,60","1.736,80","1.739,00","1.715,80","0,19K","-1,15%"
"26.03.2021","1.741,60","1.732,50","1.740,50","1.728,10","0,11K","0,41%"
"25.03.2021","1.734,50","1.743,30","1.753,80","1.734,10","0,19K","-0,46%"
"24.03.2021","1.742,60","1.742,40","1.742,40","1.742,20","0,04K","0,44%"
"23.03.2021","1.734,90","1.738,00","1.738,00","1.734,30","0,01K","-0,74%"
"22.03.2021","1.747,80","1.746,50","1.746,50","1.736,80","0,10K","-0,18%"
"19.03.2021","1.751,00","1.752,40","1.752,40","1.742,10","0,11K","0,51%"
"18.03.2021","1.742,10","1.758,60","1.758,60","1.736,50","0,41K","0,34%"
"17.03.2021","1.736,20","1.737,80","1.750,40","1.737,00","0,32K","-0,25%"
"16.03.2021","1.740,50","1.735,70","1.741,80","1.735,70","0,16K","0,09%"
"15.03.2021","1.738,90","1.737,50","1.738,30","1.733,60","0,23K","0,56%"
"12.03.2021","1.729,30","1.729,60","1.735,80","1.722,00","0,16K","-0,21%"
"11.03.2021","1.732,90","1.745,70","1.745,70","1.729,10","0,38K","0,04%"
"10.03.2021","1.732,20","1.726,60","1.728,00","1.723,70","0,40K","0,23%"
"09.03.2021","1.728,20","1.691,30","1.728,10","1.691,30","0,52K","2,27%"
"08.03.2021","1.689,80","1.718,50","1.718,50","1.687,20","0,25K","-1,25%"
"05.03.2021","1.711,20","1.698,60","1.715,10","1.698,60","0,24K","-0,09%"
"04.03.2021","1.712,70","1.723,50","1.724,80","1.704,00","0,43K","-0,86%"
"03.03.2021","1.727,60","1.739,00","1.739,00","1.718,50","0,35K","-1,01%"
"02.03.2021","1.745,30","1.732,70","1.745,40","1.732,70","0,24K","0,62%"
"01.03.2021","1.734,60","1.759,50","1.759,50","1.759,50","0,25K","-0,36%"
"26.02.2021","1.740,90","1.769,00","1.769,00","1.730,00","0,38K","-2,54%"
"25.02.2021","1.786,30","1.809,00","1.809,00","1.785,50","0,40K","-1,15%"
"24.02.2021","1.807,10","1.819,70","1.819,70","1.798,80","0,01K","-0,41%"
"23.02.2021","1.814,60","1.815,80","1.815,80","1.803,80","0,02K","-0,14%"
"22.02.2021","1.817,10","1.797,00","1.819,00","1.797,00","0,02K","1,73%"
"19.02.2021","1.786,20","1.775,00","1.795,50","1.775,00","0,17K","0,13%"
"18.02.2021","1.783,90","1.790,60","1.790,60","1.781,70","0,14K","0,10%"
"17.02.2021","1.782,10","1.801,00","1.801,30","1.780,00","0,06K","-1,46%"
"16.02.2021","1.808,50","1.819,80","1.819,80","1.808,20","0,02K","-0,56%"
"15.02.2021","1.818,75","1.820,90","1.827,00","1.815,60","-","-0,13%"
"14.02.2021","1.821,05","1.822,45","1.826,30","1.820,15","-","-0,62%"
"12.02.2021","1.832,50","1.828,80","1.830,70","1.828,80","0,28K","-0,22%"
"11.02.2021","1.836,60","1.833,50","1.835,50","1.833,50","0,03K","-0,85%"
"10.02.2021","1.852,40","1.862,00","1.862,80","1.852,20","0,03K","0,28%"
"09.02.2021","1.847,20","1.852,60","1.857,60","1.847,00","0,05K","0,21%"
"08.02.2021","1.843,30","1.830,80","1.847,40","1.830,80","0,41K","1,06%"
"05.02.2021","1.823,90","1.813,00","1.823,80","1.813,00","0,11K","1,23%"
"04.02.2021","1.801,80","1.835,80","1.835,80","1.797,30","0,17K","-2,38%"
"03.02.2021","1.845,70","1.845,50","1.847,30","1.845,50","0,15K","0,14%"
"02.02.2021","1.843,10","1.851,80","1.851,80","1.841,80","0,40K","-1,52%"
"01.02.2021","1.871,50","1.870,00","1.875,90","1.870,00","0,26K","0,65%"
"29.01.2021","1.859,50","1.856,70","1.886,10","1.856,70","0,07K","0,44%"
"28.01.2021","1.851,30","1.848,80","1.873,80","1.848,80","0,01K","-0,44%"
"27.01.2021","1.859,50","1.858,80","1.860,80","1.848,80","0,02K","-0,33%"
"26.01.2021","1.865,60","1.868,60","1.868,60","1.857,00","0,01K","-0,21%"
"25.01.2021","1.869,60","1.879,20","1.879,20","1.877,80","0,01K","-0,03%"
"22.01.2021","1.870,20","1.852,90","1.869,70","1.852,90","0,04K","-0,49%"
"21.01.2021","1.879,50","1.876,50","1.879,40","1.875,70","0,06K","-0,05%"
"20.01.2021","1.880,50","1.880,30","1.880,30","1.880,30","0,01K","1,37%"
"19.01.2021","1.855,00","1.838,80","1.858,80","1.825,50","0,09K","1,00%"
"18.01.2021","1.836,60","1.809,65","1.839,45","1.809,65","-","1,48%"
"17.01.2021","1.809,75","1.826,80","1.829,10","1.803,60","-","-1,98%"
"15.01.2021","1.846,40","1.840,00","1.842,00","1.839,60","0,12K","-1,22%"
"14.01.2021","1.869,20","1.856,60","1.870,20","1.856,60","0,15K","-0,19%"
"13.01.2021","1.872,70","1.875,10","1.875,10","1.871,20","0,25K","0,55%"
"12.01.2021","1.862,40","1.862,20","1.866,00","1.858,20","0,25K","-0,39%"
"11.01.2021","1.869,60","1.848,10","1.867,80","1.848,10","0,83K","0,83%"
"08.01.2021","1.854,20","1.935,80","1.935,80","1.850,00","1,11K","-4,07%"
"07.01.2021","1.932,80","1.944,20","1.946,70","1.932,50","1,32K","0,19%"
"06.01.2021","1.929,10","1.975,90","1.979,90","1.926,50","1,13K","-2,32%"
"05.01.2021","1.974,90","1.965,30","1.975,50","1.965,30","1,41K","0,42%"
"04.01.2021","1.966,70","1.934,70","1.967,80","1.934,70","0,34K","3,42%"
"01.01.2021","1.901,60","1.901,60","1.901,60","1.901,60","-","-0,65%"
"31.12.2020","1.914,00","1.910,00","1.915,20","1.902,90","0,25K","0,12%"
"30.12.2020","1.911,80","1.913,90","1.913,90","1.913,90","0,12K","0,58%"
"29.12.2020","1.900,80","1.893,20","1.900,30","1.890,50","0,30K","0,15%"
"28.12.2020","1.898,00","1.900,80","1.912,00","1.885,80","0,15K","-0,11%"
"24.12.2020","1.900,00","1.888,90","1.897,00","1.886,90","0,08K","0,31%"
"23.12.2020","1.894,20","1.881,50","1.892,30","1.872,60","0,14K","0,41%"
"22.12.2020","1.886,50","1.891,10","1.892,00","1.875,60","0,07K","-0,62%"
"21.12.2020","1.898,30","1.906,70","1.906,70","1.906,70","0,08K","-0,29%"
"18.12.2020","1.903,90","1.893,60","1.903,70","1.892,10","0,06K","-0,05%"
"17.12.2020","1.904,90","1.907,80","1.907,90","1.904,60","0,18K","1,67%"
"16.12.2020","1.873,70","1.871,20","1.876,00","1.864,90","0,00K","0,15%"
"15.12.2020","1.870,90","1.850,20","1.865,70","1.850,20","0,50K","1,24%"
"14.12.2020","1.847,90","1.848,30","1.849,10","1.830,00","0,04K","-0,58%"
"11.12.2020","1.858,70","1.848,90","1.859,50","1.836,60","0,05K","0,33%"
"10.12.2020","1.852,50","1.866,30","1.866,30","1.866,30","0,01K","-0,03%"
"09.12.2020","1.853,10","1.883,10","1.883,10","1.844,00","0,11K","-1,94%"
"08.12.2020","1.889,80","1.877,00","1.886,60","1.874,50","0,20K","0,45%"
"07.12.2020","1.881,30","1.856,90","1.873,20","1.850,00","0,18K","1,39%"
"04.12.2020","1.855,60","1.850,00","1.860,40","1.842,80","0,07K","0,03%"
"03.12.2020","1.855,10","1.859,60","1.862,30","1.858,80","0,01K","0,57%"
"02.12.2020","1.844,60","1.844,30","1.844,30","1.836,90","0,06K","0,55%"
"01.12.2020","1.834,60","1.826,80","1.826,80","1.826,80","0,06K","2,08%"
"30.11.2020","1.797,20","1.795,10","1.795,10","1.788,00","0,04K","-0,42%"
"27.11.2020","1.804,80","1.836,70","1.836,80","1.836,70","0,03K","-0,12%"
"26.11.2020","1.807,00","1.806,25","1.816,80","1.804,20","-","-1,12%"
"25.11.2020","1.827,50","1.835,90","1.835,90","1.825,00","0,11K","-0,08%"
"24.11.2020","1.829,00","1.826,60","1.828,00","1.826,60","0,01K","-1,81%"
"23.11.2020","1.862,70","1.885,20","1.889,60","1.846,50","0,00K","-1,77%"
"20.11.2020","1.896,30","1.889,70","1.893,80","1.889,70","0,00K","0,58%"
"19.11.2020","1.885,30","1.873,30","1.877,50","1.870,00","0,17K","-0,62%"
"18.11.2020","1.897,10","1.894,50","1.894,50","1.894,50","0,06K","-0,72%"
"17.11.2020","1.910,90","1.906,20","1.906,20","1.903,50","0,11K","-0,20%"
"16.11.2020","1.914,80","1.903,10","1.904,70","1.903,00","0,08K","-0,06%"
"13.11.2020","1.915,90","1.894,90","1.913,90","1.894,90","0,13K","0,69%"
"12.11.2020","1.902,80","1.897,50","1.897,50","1.897,50","0,00K","0,67%"
"11.11.2020","1.890,20","1.886,50","1.886,50","1.886,50","0,01K","-0,85%"
"10.11.2020","1.906,50","1.900,10","1.900,10","1.900,10","0,00K","1,19%"
"09.11.2020","1.884,00","1.896,80","1.896,80","1.896,80","0,02K","-4,95%"
"06.11.2020","1.982,20","1.975,10","1.975,10","1.975,10","0,00K","0,29%"
"05.11.2020","1.976,40","1.948,40","1.968,30","1.948,40","0,00K","2,66%"
"04.11.2020","1.925,10","1.936,70","1.936,70","1.936,70","0,00K","-0,70%"
"03.11.2020","1.938,60","1.912,60","1.928,00","1.912,60","0,22K","0,91%"
"02.11.2020","1.921,10","1.920,90","1.920,90","1.920,90","0,00K","0,67%"
"30.10.2020","1.908,30","1.900,50","1.900,50","1.900,50","0,00K","0,60%"
"29.10.2020","1.896,90","1.907,60","1.907,60","1.907,60","0,01K","-0,63%"
"28.10.2020","1.908,90","1.909,70","1.909,70","1.909,70","0,00K","-1,70%"
"27.10.2020","1.942,00","1.921,40","1.933,50","1.921,40","0,06K","0,31%"
"26.10.2020","1.936,00","1.919,00","1.926,10","1.919,00","0,06K","0,05%"
"23.10.2020","1.935,10","1.926,30","1.926,40","1.924,60","0,04K","0,05%"
"22.10.2020","1.934,10","1.940,50","1.940,50","1.907,60","0,18K","-1,25%"
"21.10.2020","1.958,50","1.925,10","1.948,60","1.925,10","0,16K","0,72%"
"20.10.2020","1.944,50","1.922,90","1.936,60","1.921,90","0,11K","0,17%"
"19.10.2020","1.941,20","1.941,90","1.941,90","1.941,90","0,12K","0,25%"
"16.10.2020","1.936,40","1.934,40","1.934,40","1.927,50","0,06K","-0,12%"
"15.10.2020","1.938,80","1.923,20","1.923,20","1.919,20","0,00K","0,04%"
"14.10.2020","1.938,00","1.929,40","1.929,40","1.926,70","0,25K","0,70%"
"13.10.2020","1.924,50","1.939,90","1.939,90","1.939,90","0,01K","-1,75%"
"12.10.2020","1.958,70","1.953,50","1.957,70","1.948,70","0,01K","0,14%"
"09.10.2020","1.956,00","1.930,50","1.956,20","1.929,50","0,01K","1,58%"
"08.10.2020","1.925,50","1.902,80","1.916,20","1.899,00","0,00K","0,31%"
"07.10.2020","1.919,50","1.918,10","1.918,10","1.918,10","0,01K","-0,87%"
"06.10.2020","1.936,30","1.937,20","1.942,20","1.900,50","0,10K","-0,55%"
"05.10.2020","1.947,00","1.937,00","1.937,00","1.937,00","0,11K","0,65%"
"02.10.2020","1.934,40","1.929,60","1.933,70","1.921,30","0,12K","-0,45%"
"01.10.2020","1.943,20","1.927,60","1.935,50","1.921,20","0,18K","1,07%"
"30.09.2020","1.922,70","1.925,10","1.925,10","1.925,10","0,00K","-0,39%"
"29.09.2020","1.930,20","1.907,40","1.921,20","1.907,40","0,05K","1,10%"
"28.09.2020","1.909,20","1.883,70","1.905,50","1.872,00","0,35K","0,86%"
"25.09.2020","1.892,90","1.885,10","1.885,10","1.880,00","0,06K","-0,54%"
"24.09.2020","1.903,10","1.879,90","1.892,60","1.874,70","0,26K","0,41%"
"23.09.2020","1.895,30","1.919,40","1.919,40","1.919,40","0,01K","-2,11%"
"22.09.2020","1.936,10","1.937,90","1.940,50","1.925,50","0,09K","-0,13%"
"21.09.2020","1.938,60","1.945,50","1.945,50","1.945,50","0,00K","-2,61%"
"18.09.2020","1.990,50","1.974,20","1.982,00","1.973,60","0,08K","0,62%"
"17.09.2020","1.978,20","1.970,80","1.974,40","1.965,30","0,13K","-1,09%"
"16.09.2020","1.999,90","1.989,10","1.997,90","1.985,00","0,11K","0,22%"
"15.09.2020","1.995,60","1.986,10","1.997,50","1.981,00","0,04K","0,13%"
"14.09.2020","1.993,10","1.974,10","1.987,80","1.972,80","0,12K","0,84%"
"11.09.2020","1.976,50","1.980,00","1.980,00","1.980,00","0,00K","-0,78%"
"10.09.2020","1.992,10","1.971,10","1.991,40","1.969,40","0,21K","0,54%"
"09.09.2020","1.981,40","1.952,90","1.973,60","1.946,40","0,01K","0,56%"
"08.09.2020","1.970,30","1.957,50","1.965,90","1.938,80","0,88K","1,71%"
"07.09.2020","1.937,10","1.940,70","1.947,40","1.930,45","-","-0,18%"
"06.09.2020","1.940,65","1.941,90","1.944,30","1.937,65","-","-1,07%"
"04.09.2020","1.961,60","1.956,60","1.959,50","1.951,90","0,17K","-0,19%"
"03.09.2020","1.965,40","1.962,00","1.969,00","1.962,00","0,00K","-0,45%"
"02.09.2020","1.974,30","1.988,30","1.990,90","1.959,90","0,00K","-1,74%"
"01.09.2020","2.009,30","2.018,60","2.018,60","1.995,00","0,24K","-0,01%"
"31.08.2020","2.009,50","1.991,10","2.002,30","1.991,10","0,00K","0,41%"
"28.08.2020","2.001,30","1.990,00","1.990,00","1.990,00","0,00K","1,92%"
"27.08.2020","1.963,60","1.961,00","1.961,00","1.961,00","0,00K","-1,09%"
"26.08.2020","1.985,30","1.992,00","1.992,00","1.992,00","0,00K","1,49%"
"25.08.2020","1.956,10","1.958,30","1.958,40","1.958,30","0,00K","-0,87%"
"24.08.2020","1.973,30","1.962,50","1.979,40","1.955,90","0,11K","-0,37%"
"21.08.2020","1.980,60","1.982,30","1.982,30","1.959,90","0,12K","0,02%"
"20.08.2020","1.980,20","1.968,20","1.971,20","1.968,20","0,00K","-1,17%"
"19.08.2020","2.003,60","2.005,50","2.005,50","2.000,60","0,00K","-2,15%"
"18.08.2020","2.047,70","2.024,40","2.041,10","2.023,20","0,08K","0,74%"
"17.08.2020","2.032,60","1.981,70","2.012,30","1.971,60","0,11K","2,25%"
"14.08.2020","1.987,80","2.000,00","2.000,00","1.992,00","0,01K","-1,09%"
"13.08.2020","2.009,70","1.996,10","2.001,50","1.979,60","0,01K","1,10%"
"12.08.2020","1.987,90","1.964,00","1.964,00","1.964,00","0,00K","0,02%"
"11.08.2020","1.987,50","2.063,70","2.063,70","1.994,30","0,01K","-4,64%"
"10.08.2020","2.084,20","2.068,70","2.080,00","2.065,00","0,09K","0,54%"
"07.08.2020","2.073,00","2.121,70","2.121,70","2.121,70","0,00K","-2,00%"
"06.08.2020","2.115,20","2.086,70","2.115,00","2.085,90","0,00K","1,05%"
"05.08.2020","2.093,30","2.098,50","2.098,50","2.090,50","0,00K","1,47%"
"04.08.2020","2.062,90","2.024,60","2.068,40","2.018,70","0,39K","1,73%"
"03.08.2020","2.027,90","2.026,90","2.040,00","2.015,40","0,42K","0,05%"
"31.07.2020","2.026,90","2.005,20","2.035,00","2.005,20","0,27K","1,01%"
"30.07.2020","2.006,70","2.016,00","2.016,00","1.988,90","0,03K","-0,51%"
"29.07.2020","2.017,00","2.001,00","2.025,00","2.001,00","0,00K","0,56%"
"28.07.2020","2.005,70","2.008,10","2.028,10","1.967,20","0,16K","0,42%"
"27.07.2020","1.997,40","1.964,80","1.999,90","1.964,80","0,18K","1,61%"
"24.07.2020","1.965,70","1.941,80","1.961,00","1.941,00","0,31K","0,54%"
"23.07.2020","1.955,20","1.923,30","1.945,00","1.923,30","0,57K","1,48%"
"22.07.2020","1.926,60","1.909,50","1.924,20","1.906,40","0,13K","1,46%"
"21.07.2020","1.898,90","1.867,60","1.891,30","1.867,00","0,14K","1,68%"
"20.07.2020","1.867,60","1.862,00","1.862,40","1.862,00","0,03K","0,35%"
"17.07.2020","1.861,00","1.840,60","1.851,00","1.840,10","0,01K","0,37%"
"16.07.2020","1.854,10","1.856,00","1.856,00","1.856,00","0,03K","-0,82%"
"15.07.2020","1.869,40","1.862,30","1.863,10","1.854,30","0,10K","-0,01%"
"14.07.2020","1.869,50","1.850,00","1.863,90","1.850,00","0,06K","-0,10%"
"13.07.2020","1.871,40","1.857,30","1.858,30","1.857,30","0,10K","0,72%"
"10.07.2020","1.858,10","1.853,70","1.853,70","1.851,30","0,12K","-0,11%"
"09.07.2020","1.860,10","1.871,90","1.871,90","1.871,90","0,12K","-0,89%"
"08.07.2020","1.876,80","1.851,80","1.867,60","1.851,80","0,25K","1,11%"
"07.07.2020","1.856,20","1.833,90","1.853,60","1.833,90","0,30K","1,17%"
"06.07.2020","1.834,70","1.825,80","1.828,60","1.825,80","1,74K","2,63%"
"03.07.2020","1.787,60","1.786,90","1.788,70","1.783,65","-","-2,23%"
"02.07.2020","1.828,30","1.799,00","1.821,30","1.798,80","0,17K","0,57%"
"01.07.2020","1.818,00","1.830,00","1.838,00","1.830,00","0,45K","-1,01%"
"30.06.2020","1.836,50","1.816,90","1.835,00","1.813,90","0,04K","1,13%"
"29.06.2020","1.816,00","1.816,50","1.816,50","1.811,20","0,09K","0,09%"
"26.06.2020","1.814,40","1.798,20","1.814,00","1.798,00","0,10K","0,55%"
"25.06.2020","1.804,40","1.800,00","1.800,00","1.800,00","0,05K","-0,23%"
"24.06.2020","1.808,60","1.806,50","1.806,50","1.806,50","0,30K","-0,25%"
"23.06.2020","1.813,10","1.803,00","1.803,00","1.803,00","0,26K","0,83%"
"22.06.2020","1.798,20","1.787,00","1.798,40","1.783,10","0,07K","0,69%"
"19.06.2020","1.785,80","1.767,00","1.786,90","1.761,80","0,52K","1,14%"
"18.06.2020","1.765,60","1.775,00","1.775,00","1.762,30","0,08K","-0,32%"
"17.06.2020","1.771,30","1.768,20","1.768,20","1.768,20","0,02K","-0,05%"
"16.06.2020","1.772,10","1.770,00","1.770,00","1.770,00","0,20K","0,56%"
"15.06.2020","1.762,30","1.770,30","1.770,30","1.760,00","0,02K","-0,54%"
"12.06.2020","1.771,80","1.780,40","1.780,50","1.780,40","0,56K","-0,18%"
"11.06.2020","1.775,00","1.784,10","1.786,40","1.762,30","0,81K","1,00%"
"10.06.2020","1.757,40","1.760,90","1.760,90","1.753,30","0,00K","-0,09%"
"09.06.2020","1.758,90","1.755,20","1.757,60","1.755,20","0,54K","0,94%"
"08.06.2020","1.742,50","1.739,40","1.739,40","1.739,40","0,05K","1,31%"
"05.06.2020","1.720,00","1.741,70","1.741,70","1.704,60","0,11K","-2,44%"
"04.06.2020","1.763,00","1.747,60","1.752,00","1.747,60","0,16K","1,54%"
"03.06.2020","1.736,20","1.760,00","1.760,00","1.727,50","0,45K","-1,54%"
"02.06.2020","1.763,30","1.774,50","1.775,30","1.774,50","0,11K","-0,78%"
"01.06.2020","1.777,10","1.775,50","1.775,50","1.772,80","0,06K","0,02%"
"29.05.2020","1.776,80","1.748,20","1.771,50","1.748,20","0,11K","1,34%"
"28.05.2020","1.753,30","1.748,80","1.757,30","1.748,80","0,18K","0,20%"
"27.05.2020","1.749,80","1.725,00","1.727,40","1.722,50","0,01K","0,06%"
"26.05.2020","1.748,80","1.762,90","1.764,00","1.762,90","0,08K","1,26%"
"25.05.2020","1.727,00","1.730,55","1.731,35","1.719,25","-","-0,21%"
"24.05.2020","1.730,65","1.735,45","1.735,90","1.729,80","-","-2,49%"
"22.05.2020","1.774,90","1.773,50","1.773,50","1.771,90","0,47K","0,82%"
"21.05.2020","1.760,50","1.780,10","1.780,10","1.753,60","0,15K","-1,76%"
"20.05.2020","1.792,10","1.784,00","1.791,20","1.784,00","0,08K","0,39%"
"19.05.2020","1.785,10","1.784,20","1.784,20","1.784,20","0,00K","0,71%"
"18.05.2020","1.772,60","1.795,40","1.795,40","1.795,40","0,14K","-0,99%"
"15.05.2020","1.790,40","1.776,20","1.781,50","1.776,20","0,45K","0,90%"
"14.05.2020","1.774,40","1.747,10","1.747,10","1.747,10","0,00K","1,38%"
"13.05.2020","1.750,30","1.729,10","1.750,30","1.729,10","0,01K","0,49%"
"12.05.2020","1.741,70","1.733,20","1.734,50","1.731,90","0,01K","0,42%"
"11.05.2020","1.734,40","1.727,70","1.734,20","1.714,20","0,05K","-0,91%"
"08.05.2020","1.750,30","1.747,80","1.747,80","1.747,80","0,00K","-0,61%"
"07.05.2020","1.761,10","1.718,90","1.722,80","1.718,50","0,05K","2,29%"
"06.05.2020","1.721,70","1.728,40","1.728,40","1.713,00","0,01K","-1,27%"
"05.05.2020","1.743,80","1.725,80","1.739,10","1.725,80","0,40K","0,16%"
"04.05.2020","1.741,00","1.729,10","1.729,10","1.725,70","0,03K","1,16%"
"01.05.2020","1.721,10","1.720,10","1.720,10","1.720,10","0,01K","0,46%"
"30.04.2020","1.713,20","1.706,40","1.706,40","1.706,40","0,05K","-0,99%"
"29.04.2020","1.730,30","1.727,60","1.744,10","1.727,60","0,01K","-0,48%"
"28.04.2020","1.738,70","1.731,80","1.740,00","1.712,70","3,06K","-0,01%"
"27.04.2020","1.738,80","1.746,70","1.753,00","1.726,80","0,13K","-0,58%"
"24.04.2020","1.748,90","1.759,00","1.759,00","1.745,00","0,00K","-0,51%"
"23.04.2020","1.757,80","1.753,10","1.762,20","1.753,10","0,00K","0,46%"
"22.04.2020","1.749,80","1.709,50","1.709,50","1.709,50","0,01K","3,04%"
"21.04.2020","1.698,20","1.722,20","1.722,20","1.679,60","0,08K","-1,34%"
"20.04.2020","1.721,30","1.715,60","1.715,60","1.715,60","0,00K","0,73%"
"17.04.2020","1.708,90","1.717,80","1.717,80","1.717,80","0,02K","-1,94%"
"16.04.2020","1.742,70","1.766,50","1.766,50","1.766,50","0,00K","-0,50%"
"15.04.2020","1.751,50","1.760,70","1.762,70","1.736,40","0,00K","-1,42%"
"14.04.2020","1.776,80","1.779,10","1.779,10","1.776,50","0,01K","0,50%"
"13.04.2020","1.767,90","1.732,50","1.758,00","1.732,50","0,03K","1,57%"
"10.04.2020","1.740,60","1.740,60","1.740,60","1.740,60","-","-1,03%"
"09.04.2020","1.758,70","1.747,50","1.747,50","1.747,50","0,00K","4,11%"
"08.04.2020","1.689,30","1.690,10","1.690,10","1.690,10","0,02K","-0,01%"
"07.04.2020","1.689,40","1.688,80","1.688,80","1.688,80","0,02K","-0,62%"
"06.04.2020","1.700,00","1.685,30","1.688,60","1.685,30","0,00K","2,77%"
"03.04.2020","1.654,10","1.639,00","1.651,50","1.625,30","0,14K","0,45%"
"02.04.2020","1.646,70","1.636,40","1.636,40","1.636,40","0,29K","2,82%"
"01.04.2020","1.601,60","1.594,40","1.594,40","1.594,40","0,18K","-0,32%"
"31.03.2020","1.606,70","1.625,30","1.625,30","1.625,30","0,06K","-2,82%"
"30.03.2020","1.653,30","1.646,90","1.646,90","1.646,90","0,10K","-0,46%"
"27.03.2020","1.661,00","1.647,10","1.647,10","1.647,10","0,27K","-0,44%"
"26.03.2020","1.668,30","1.674,30","1.674,30","1.659,40","0,01K","1,79%"
"25.03.2020","1.639,00","1.650,90","1.656,60","1.650,50","0,06K","-1,81%"
"24.03.2020","1.669,20","1.594,60","1.653,50","1.594,60","0,03K","5,09%"
"23.03.2020","1.588,30","1.514,60","1.572,80","1.502,60","0,01K","5,79%"
"20.03.2020","1.501,40","1.515,80","1.515,80","1.515,80","0,01K","0,28%"
"19.03.2020","1.497,20","1.496,60","1.508,00","1.476,90","0,01K","0,17%"
"18.03.2020","1.494,60","1.520,60","1.520,60","1.502,30","0,32K","-3,02%"
"17.03.2020","1.541,10","1.504,50","1.561,50","1.476,30","0,01K","2,74%"
"16.03.2020","1.500,00","1.485,00","1.503,00","1.485,00","0,01K","-2,10%"
"13.03.2020","1.532,20","1.591,00","1.591,00","1.529,30","0,10K","-4,62%"
"12.03.2020","1.606,50","1.654,30","1.654,30","1.581,50","0,01K","-3,12%"
"11.03.2020","1.658,30","1.670,00","1.670,00","1.653,10","0,03K","-1,09%"
"10.03.2020","1.676,60","1.675,90","1.675,90","1.662,10","0,19K","-0,88%"
"09.03.2020","1.691,50","1.709,90","1.710,10","1.672,90","0,13K","-0,01%"
"06.03.2020","1.691,60","1.696,00","1.703,60","1.686,30","0,07K","0,07%"
"05.03.2020","1.690,50","1.655,70","1.671,00","1.655,20","0,18K","1,42%"
"04.03.2020","1.666,90","1.664,20","1.664,50","1.664,20","0,22K","-0,19%"
"03.03.2020","1.670,00","1.606,50","1.663,80","1.606,50","0,06K","3,05%"
"02.03.2020","1.620,60","1.602,50","1.624,30","1.600,20","0,25K","1,50%"
"28.02.2020","1.596,60","1.595,20","1.617,80","1.595,20","0,56K","-4,76%"
"27.02.2020","1.676,40","1.679,00","1.684,40","1.670,00","0,01K","-0,11%"
"26.02.2020","1.678,20","1.677,60","1.677,60","1.677,60","0,02K","-0,49%"
"25.02.2020","1.686,40","1.681,00","1.683,60","1.681,00","0,54K","-1,58%"
"24.02.2020","1.713,50","1.707,40","1.707,40","1.707,40","0,02K","1,61%"
"21.02.2020","1.686,30","1.672,30","1.678,10","1.672,30","0,08K","1,71%"
"20.02.2020","1.658,00","1.641,40","1.651,90","1.641,40","0,12K","0,52%"
"19.02.2020","1.649,50","1.639,80","1.641,40","1.636,20","0,04K","0,51%"
"18.02.2020","1.641,10","1.617,30","1.634,80","1.617,30","0,07K","3,41%"
"17.02.2020","1.587,05","1.586,15","1.588,45","1.581,85","-","0,05%"
"16.02.2020","1.586,25","1.585,50","1.586,25","1.583,45","-","-2,33%"
"14.02.2020","1.624,10","1.601,00","1.608,40","1.597,30","0,03K","0,44%"
"13.02.2020","1.617,00","1.607,90","1.608,10","1.607,90","0,00K","0,45%"
"12.02.2020","1.609,80","1.590,80","1.593,90","1.587,50","2,05K","0,06%"
"11.02.2020","1.608,80","1.606,70","1.606,90","1.606,70","0,00K","-0,58%"
"10.02.2020","1.618,20","1.606,70","1.606,70","1.606,70","0,00K","0,33%"
"07.02.2020","1.612,80","1.591,00","1.598,30","1.588,40","0,00K","0,21%"
"06.02.2020","1.609,50","1.580,70","1.592,40","1.579,30","0,07K","0,46%"
"05.02.2020","1.602,20","1.579,40","1.587,00","1.573,00","2,05K","0,45%"
"04.02.2020","1.595,00","1.602,30","1.602,30","1.576,00","0,03K","-1,60%"
"03.02.2020","1.621,00","1.606,00","1.606,00","1.606,00","0,00K","-0,31%"
"31.01.2020","1.626,10","1.599,70","1.615,30","1.597,70","0,00K","-0,07%"
"30.01.2020","1.627,30","1.601,60","1.612,00","1.599,00","0,03K","0,79%"
"29.01.2020","1.614,50","1.594,50","1.603,60","1.589,30","0,03K","0,08%"
"28.01.2020","1.613,20","1.606,70","1.607,10","1.593,40","10,91K","-0,47%"
"27.01.2020","1.620,80","1.616,80","1.617,80","1.616,80","0,00K","0,33%"
"24.01.2020","1.615,40","1.595,00","1.609,50","1.595,00","0,05K","0,44%"
"23.01.2020","1.608,30","1.585,00","1.593,50","1.580,10","1,75K","0,54%"
"22.01.2020","1.599,70","1.583,10","1.585,50","1.577,60","0,07K","-0,08%"
"21.01.2020","1.601,00","1.595,00","1.595,00","1.595,00","0,00K","2,55%"
"20.01.2020","1.561,25","1.557,20","1.562,70","1.556,65","-","0,27%"
"19.01.2020","1.557,05","1.557,40","1.559,05","1.556,45","-","-2,89%"
"17.01.2020","1.603,40","1.578,60","1.588,00","1.577,10","1,54K","0,65%"
"16.01.2020","1.593,00","1.580,40","1.583,40","1.575,00","0,03K","-0,23%"
"15.01.2020","1.596,60","1.587,80","1.587,80","1.587,80","0,00K","0,57%"
"14.01.2020","1.587,50","1.573,20","1.573,90","1.563,40","1,76K","-0,39%"
"13.01.2020","1.593,70","1.586,80","1.586,80","1.574,90","2,70K","-0,60%"
"10.01.2020","1.603,30","1.577,60","1.589,60","1.574,10","0,11K","0,34%"
"09.01.2020","1.597,80","1.583,00","1.587,50","1.570,20","1,43K","-0,37%"
"08.01.2020","1.603,80","1.612,60","1.638,40","1.612,60","0,02K","-0,92%"
"07.01.2020","1.618,70","1.602,60","1.602,60","1.602,60","0,07K","0,33%"
"06.01.2020","1.613,30","1.608,20","1.612,40","1.600,30","0,01K","1,06%"
"03.01.2020","1.596,40","1.591,00","1.592,10","1.588,60","0,41K","1,55%"
"02.01.2020","1.572,10","1.548,70","1.559,50","1.548,20","1,25K","3,36%"
"01.01.2020","1.520,95","1.520,85","1.523,95","1.520,85","-","-2,98%"
"31.12.2019","1.567,60","1.546,70","1.555,00","1.546,40","0,67K","0,34%"
"30.12.2019","1.562,30","1.543,90","1.545,50","1.540,10","0,46K","0,07%"
"27.12.2019","1.561,20","1.540,70","1.545,00","1.540,00","0,29K","0,26%"
"26.12.2019","1.557,10","1.544,20","1.544,20","1.544,20","0,00K","3,53%"
"25.12.2019","1.504,05","1.504,40","1.504,40","1.502,15","-","-2,80%"
"24.12.2019","1.547,30","1.518,60","1.530,10","1.518,60","0,45K","1,05%"
"23.12.2019","1.531,20","1.510,70","1.514,90","1.510,70","0,39K","0,53%"
"20.12.2019","1.523,10","1.515,80","1.515,80","1.515,80","0,00K","-0,23%"
"19.12.2019","1.526,60","1.505,40","1.510,40","1.503,50","0,57K","0,37%"
"18.12.2019","1.521,00","1.506,40","1.508,50","1.501,70","1,56K","-0,16%"
"17.12.2019","1.523,50","1.505,80","1.510,00","1.505,00","0,21K","0,02%"
"16.12.2019","1.523,20","1.505,40","1.509,40","1.503,90","0,42K","0,01%"
"13.12.2019","1.523,00","1.493,00","1.507,90","1.493,00","0,47K","0,62%"
"12.12.2019","1.513,60","1.511,20","1.514,00","1.494,10","0,17K","-0,15%"
"11.12.2019","1.515,80","1.500,00","1.507,00","1.497,50","0,14K","0,46%"
"10.12.2019","1.508,90","1.490,60","1.496,00","1.489,70","0,14K","0,22%"
"09.12.2019","1.505,60","1.493,20","1.493,20","1.489,40","0,30K","0,09%"
"06.12.2019","1.504,20","1.509,60","1.509,60","1.497,20","0,01K","-1,15%"
"05.12.2019","1.521,70","1.513,80","1.513,80","1.513,80","0,00K","0,20%"
"04.12.2019","1.518,70","1.515,90","1.515,90","1.515,90","0,00K","-0,27%"
"03.12.2019","1.522,80","1.491,10","1.510,30","1.491,10","0,45K","1,03%"
"02.12.2019","1.507,30","1.494,00","1.495,30","1.485,00","0,17K","-0,23%"
"29.11.2019","1.510,70","1.488,00","1.495,40","1.484,20","0,19K","3,31%"
"28.11.2019","1.462,25","1.463,25","1.464,55","1.460,75","-","-2,42%"
"27.11.2019","1.498,50","1.489,20","1.490,20","1.483,90","0,22K","-0,41%"
"26.11.2019","1.504,70","1.484,30","1.492,00","1.481,00","0,31K","0,19%"
"25.11.2019","1.501,80","1.490,90","1.492,00","1.485,20","0,94K","-0,41%"
"22.11.2019","1.508,00","1.497,70","1.502,30","1.492,00","0,70K","0,03%"
"21.11.2019","1.507,60","1.505,50","1.505,70","1.494,00","0,49K","-0,69%"
"20.11.2019","1.518,10","1.505,50","1.509,20","1.498,00","0,69K","-0,07%"
"19.11.2019","1.519,20","1.511,50","1.511,50","1.511,50","0,00K","0,15%"
"18.11.2019","1.516,90","1.498,40","1.502,80","1.488,80","0,82K","0,22%"
"15.11.2019","1.513,60","1.496,30","1.499,90","1.495,90","0,07K","-0,32%"
"14.11.2019","1.518,50","1.495,10","1.504,70","1.494,80","0,84K","0,66%"
"13.11.2019","1.508,50","1.489,90","1.498,10","1.489,90","0,74K","0,66%"
"12.11.2019","1.498,60","1.487,80","1.488,50","1.480,00","0,93K","-0,25%"
"11.11.2019","1.502,30","1.494,00","1.494,00","1.480,10","0,73K","-0,54%"
"08.11.2019","1.510,40","1.500,50","1.503,00","1.488,80","0,35K","-0,09%"
"07.11.2019","1.511,70","1.510,00","1.510,00","1.510,00","0,00K","-1,67%"
"06.11.2019","1.537,40","1.534,70","1.534,70","1.534,70","0,00K","0,62%"
"05.11.2019","1.528,00","1.522,80","1.522,80","1.522,80","0,00K","-1,72%"
"04.11.2019","1.554,80","1.544,80","1.544,80","1.541,00","0,83K","0,03%"
"01.11.2019","1.554,40","1.542,10","1.545,00","1.538,00","0,20K","-0,16%"
"31.10.2019","1.556,90","1.527,00","1.545,00","1.527,00","0,17K","1,14%"
"30.10.2019","1.539,40","1.520,80","1.526,50","1.513,20","1,90K","0,38%"
"29.10.2019","1.533,50","1.524,20","1.524,20","1.515,50","0,22K","-0,34%"
"28.10.2019","1.538,70","1.552,00","1.552,00","1.552,00","0,00K","-0,58%"
"25.10.2019","1.547,70","1.548,80","1.556,70","1.548,80","0,00K","0,10%"
"24.10.2019","1.546,20","1.524,30","1.534,70","1.522,00","0,28K","0,59%"
"23.10.2019","1.537,10","1.522,00","1.526,10","1.522,00","0,03K","0,54%"
"22.10.2019","1.528,80","1.517,30","1.519,00","1.515,00","0,01K","-0,03%"
"21.10.2019","1.529,30","1.524,90","1.524,90","1.515,00","0,11K","-0,37%"
"18.10.2019","1.535,00","1.526,10","1.526,10","1.519,50","0,16K","-0,31%"
"17.10.2019","1.539,80","1.519,90","1.527,60","1.519,90","0,21K","0,29%"
"16.10.2019","1.535,40","1.515,50","1.522,20","1.510,00","0,20K","0,68%"
"15.10.2019","1.525,10","1.522,90","1.524,50","1.513,00","0,23K","-0,91%"
"14.10.2019","1.539,10","1.529,00","1.530,00","1.524,40","0,03K","0,61%"
"11.10.2019","1.529,80","1.533,70","1.534,60","1.508,00","1,04K","-0,72%"
"10.10.2019","1.540,90","1.548,00","1.548,00","1.526,00","0,13K","-0,73%"
"09.10.2019","1.552,30","1.539,70","1.543,00","1.535,00","0,43K","0,60%"
"08.10.2019","1.543,10","1.524,20","1.540,00","1.522,60","0,43K","-0,04%"
"07.10.2019","1.543,70","1.538,90","1.538,90","1.522,20","0,16K","-0,53%"
"04.10.2019","1.551,90","1.541,30","1.541,30","1.530,20","0,07K","-0,04%"
"03.10.2019","1.552,50","1.536,80","1.551,80","1.535,20","0,00K","0,23%"
"02.10.2019","1.549,00","1.512,80","1.536,30","1.509,90","0,00K","1,23%"
"01.10.2019","1.530,20","1.502,60","1.520,00","1.499,00","0,00K","1,04%"
"30.09.2019","1.514,50","1.533,00","1.533,00","1.500,10","0,51K","-2,18%"
"27.09.2019","1.548,30","1.538,30","1.538,30","1.525,70","0,17K","-0,26%"
"26.09.2019","1.552,30","1.538,90","1.547,00","1.538,00","0,25K","0,19%"
"25.09.2019","1.549,30","1.572,00","1.572,00","1.539,10","0,25K","-1,78%"
"24.09.2019","1.577,40","1.560,10","1.573,00","1.554,90","0,51K","0,54%"
"23.09.2019","1.568,90","1.556,60","1.562,50","1.556,60","0,02K","1,05%"
"20.09.2019","1.552,60","1.537,80","1.553,50","1.537,80","0,10K","0,61%"
"19.09.2019","1.543,20","1.528,80","1.540,40","1.528,80","0,16K","-0,62%"
"18.09.2019","1.552,90","1.538,90","1.549,00","1.530,40","0,50K","0,13%"
"17.09.2019","1.550,90","1.538,80","1.542,30","1.538,80","0,01K","0,12%"
"16.09.2019","1.549,10","1.542,60","1.546,50","1.536,40","0,69K","0,77%"
"13.09.2019","1.537,30","1.543,40","1.543,40","1.525,60","0,18K","-0,44%"
"12.09.2019","1.544,10","1.530,40","1.558,60","1.530,40","0,41K","0,38%"
"11.09.2019","1.538,30","1.528,80","1.534,40","1.528,80","0,04K","0,28%"
"10.09.2019","1.534,00","1.531,90","1.532,60","1.524,90","0,16K","-0,74%"
"09.09.2019","1.545,50","1.540,10","1.546,60","1.534,10","0,24K","-0,24%"
"06.09.2019","1.549,20","1.551,00","1.559,90","1.539,20","0,06K","-0,62%"
"05.09.2019","1.558,80","1.579,50","1.584,10","1.544,90","0,10K","-2,17%"
"04.09.2019","1.593,30","1.582,70","1.590,70","1.572,00","0,03K","0,26%"
"03.09.2019","1.589,10","1.562,80","1.583,90","1.561,20","0,24K","3,51%"
"02.09.2019","1.535,15","1.537,95","1.540,05","1.528,15","-","-0,19%"
"01.09.2019","1.538,05","1.535,25","1.542,90","1.535,25","-","-1,60%"
"30.08.2019","1.563,10","1.564,10","1.566,90","1.555,00","0,45K","-0,43%"
"29.08.2019","1.569,90","1.571,90","1.578,80","1.562,00","0,25K","-0,71%"
"28.08.2019","1.581,20","1.572,30","1.578,00","1.571,60","0,24K","-0,21%"
"27.08.2019","1.584,50","1.566,20","1.579,30","1.564,60","0,17K","0,94%"
"26.08.2019","1.569,80","1.584,50","1.584,50","1.563,20","0,07K","-0,03%"
"23.08.2019","1.570,20","1.539,00","1.563,50","1.537,30","0,26K","1,89%"
"22.08.2019","1.541,10","1.534,30","1.538,80","1.530,50","0,25K","-0,46%"
"21.08.2019","1.548,20","1.532,70","1.540,60","1.532,70","0,56K","0,01%"
"20.08.2019","1.548,00","1.530,20","1.540,70","1.530,20","0,17K","0,26%"
"19.08.2019","1.544,00","1.543,90","1.543,90","1.531,00","0,35K","-0,78%"
"16.08.2019","1.556,20","1.557,40","1.557,70","1.541,30","0,16K","-0,48%"
"15.08.2019","1.563,70","1.553,00","1.561,20","1.546,00","0,29K","0,17%"
"14.08.2019","1.561,00","1.538,50","1.553,10","1.532,60","0,24K","0,86%"
"13.08.2019","1.547,70","1.556,20","1.571,70","1.523,10","0,07K","-0,15%"
"12.08.2019","1.550,00","1.536,00","1.550,10","1.526,40","0,16K","0,55%"
"09.08.2019","1.541,50","1.542,80","1.543,80","1.535,00","0,09K","-0,03%"
"08.08.2019","1.542,00","1.533,00","1.542,10","1.532,60","0,06K","-0,62%"
"07.08.2019","1.551,60","1.510,60","1.547,70","1.510,60","0,11K","2,30%"
"06.08.2019","1.516,70","1.507,20","1.511,10","1.498,60","0,14K","0,47%"
"05.08.2019","1.509,60","1.487,40","1.505,00","1.487,40","0,07K","1,16%"
"02.08.2019","1.492,30","1.476,20","1.476,20","1.476,20","0,08K","1,62%"
"01.08.2019","1.468,50","1.450,80","1.485,60","1.443,30","0,15K","-0,33%"
"31.07.2019","1.473,30","1.460,50","1.469,60","1.452,90","0,13K","-0,27%"
"30.07.2019","1.477,30","1.469,00","1.472,40","1.469,00","0,02K","0,60%"
"29.07.2019","1.468,50","1.461,70","1.461,70","1.461,70","1,05K","0,09%"
"26.07.2019","1.467,20","1.460,40","1.460,40","1.460,40","0,56K","0,41%"
"25.07.2019","1.461,20","1.465,10","1.468,00","1.456,10","0,81K","-0,58%"
"24.07.2019","1.469,70","1.467,20","1.467,20","1.467,20","0,04K","0,14%"
"23.07.2019","1.467,60","1.458,60","1.459,60","1.458,60","0,25K","-0,35%"
"22.07.2019","1.472,80","1.466,00","1.466,00","1.466,00","0,61K","0,03%"
"19.07.2019","1.472,30","1.483,30","1.487,40","1.461,50","0,02K","-0,12%"
"18.07.2019","1.474,00","1.464,40","1.488,50","1.459,40","0,02K","0,32%"
"17.07.2019","1.469,30","1.455,00","1.467,30","1.455,00","0,02K","0,87%"
"16.07.2019","1.456,60","1.453,40","1.453,40","1.453,40","0,02K","-0,12%"
"15.07.2019","1.458,40","1.452,30","1.452,30","1.452,30","0,99K","0,10%"
"12.07.2019","1.457,00","1.450,90","1.450,90","1.450,90","0,05K","0,39%"
"11.07.2019","1.451,40","1.461,40","1.467,20","1.461,40","0,01K","-0,36%"
"10.07.2019","1.456,60","1.450,50","1.450,50","1.450,50","0,07K","0,84%"
"09.07.2019","1.444,40","1.430,60","1.430,80","1.430,60","0,02K","0,07%"
"08.07.2019","1.443,40","1.436,90","1.436,90","1.436,90","0,05K","0,05%"
"05.07.2019","1.442,70","1.428,00","1.433,00","1.428,00","0,02K","1,35%"
"04.07.2019","1.423,55","1.421,25","1.426,65","1.412,85","-","-2,64%"
"03.07.2019","1.462,10","1.465,50","1.465,50","1.461,90","0,00K","0,91%"
"02.07.2019","1.448,90","1.428,60","1.428,60","1.428,60","0,07K","1,34%"
"01.07.2019","1.429,70","1.444,00","1.444,00","1.424,40","0,01K","-1,60%"
"28.06.2019","1.452,90","1.451,00","1.451,00","1.445,70","0,06K","0,16%"
"27.06.2019","1.450,60","1.444,50","1.444,50","1.444,50","0,06K","-0,23%"
"26.06.2019","1.453,90","1.441,90","1.445,40","1.440,50","0,04K","-0,24%"
"25.06.2019","1.457,40","1.461,30","1.473,90","1.448,70","0,09K","0,03%"
"24.06.2019","1.457,00","1.439,10","1.449,60","1.439,00","0,01K","1,25%"
"21.06.2019","1.439,00","1.444,00","1.444,00","1.419,60","0,02K","0,21%"
"20.06.2019","1.436,00","1.419,10","1.428,70","1.417,40","0,41K","3,22%"
"19.06.2019","1.391,20","1.382,10","1.382,10","1.382,10","0,09K","-0,26%"
"18.06.2019","1.394,80","1.379,70","1.394,50","1.379,70","0,18K","0,56%"
"17.06.2019","1.387,00","1.379,70","1.384,20","1.379,70","0,02K","-0,14%"
"14.06.2019","1.388,90","1.389,20","1.389,20","1.379,80","0,04K","0,06%"
"13.06.2019","1.388,10","1.378,30","1.378,70","1.378,30","0,00K","0,50%"
"12.06.2019","1.381,20","1.373,80","1.373,80","1.373,80","0,01K","0,35%"
"11.06.2019","1.376,40","1.369,00","1.369,00","1.369,00","1,01K","0,15%"
"10.06.2019","1.374,30","1.378,00","1.378,00","1.367,00","0,01K","-1,08%"
"07.06.2019","1.389,30","1.388,50","1.388,50","1.382,40","0,05K","0,25%"
"06.06.2019","1.385,90","1.370,00","1.370,00","1.370,00","0,09K","0,60%"
"05.06.2019","1.377,60","1.376,60","1.376,60","1.368,80","0,16K","0,27%"
"04.06.2019","1.373,90","1.366,50","1.366,50","1.366,50","0,03K","0,07%"
"03.06.2019","1.372,90","1.356,50","1.356,50","1.356,50","0,07K","1,13%"
"31.05.2019","1.357,50","1.342,90","1.347,80","1.342,90","0,22K","1,20%"
"30.05.2019","1.341,40","1.332,40","1.332,40","1.332,40","0,33K","1,12%"
"29.05.2019","1.326,50","1.327,80","1.327,80","1.327,80","0,00K","0,24%"
"28.05.2019","1.323,30","1.322,60","1.322,60","1.322,60","0,12K","2,98%"
"27.05.2019","1.284,95","1.284,25","1.286,85","1.283,25","-","0,06%"
"26.05.2019","1.284,15","1.284,20","1.285,15","1.283,65","-","-3,45%"
"24.05.2019","1.330,10","1.329,20","1.329,20","1.329,20","0,00K","-0,13%"
"23.05.2019","1.331,80","1.328,40","1.328,40","1.328,40","0,00K","0,79%"
"22.05.2019","1.321,30","1.321,30","1.321,30","1.321,30","0,02K","0,09%"
"21.05.2019","1.320,10","1.320,10","1.320,10","1.320,10","0,10K","-0,31%"
"20.05.2019","1.324,20","1.324,20","1.324,20","1.324,20","0,08K","0,13%"
"17.05.2019","1.322,50","1.322,50","1.322,50","1.322,50","0,21K","-0,80%"
"16.05.2019","1.333,10","1.333,10","1.333,10","1.333,10","0,11K","-0,85%"
"15.05.2019","1.344,50","1.344,50","1.344,50","1.344,50","0,06K","0,08%"
"14.05.2019","1.343,40","1.343,40","1.343,40","1.343,40","0,20K","-0,50%"
"13.05.2019","1.350,20","1.350,20","1.350,20","1.350,20","0,12K","0,97%"
"10.05.2019","1.337,20","1.337,20","1.337,20","1.337,20","0,05K","0,16%"
"09.05.2019","1.335,10","1.335,10","1.335,10","1.335,10","0,04K","0,28%"
"08.05.2019","1.331,40","1.338,00","1.338,00","1.338,00","0,05K","-0,33%"
"07.05.2019","1.335,80","1.335,80","1.335,80","1.335,80","0,12K","0,13%"
"06.05.2019","1.334,00","1.334,00","1.334,00","1.334,00","0,01K","0,17%"
"03.05.2019","1.331,70","1.331,70","1.331,70","1.331,70","0,02K","0,72%"
"02.05.2019","1.322,20","1.323,00","1.323,00","1.323,00","0,00K","-0,90%"
"01.05.2019","1.334,20","1.334,20","1.334,20","1.334,20","0,26K","-0,11%"
"30.04.2019","1.335,70","1.335,70","1.335,70","1.335,70","0,21K","0,31%"
"29.04.2019","1.331,60","1.331,60","1.331,60","1.331,60","0,14K","-0,57%"
"26.04.2019","1.339,20","1.339,20","1.339,20","1.339,20","0,38K","0,68%"
"25.04.2019","1.330,20","1.330,20","1.330,20","1.330,20","0,00K","0,02%"
"24.04.2019","1.329,90","1.329,90","1.329,90","1.329,90","0,15K","0,46%"
"23.04.2019","1.323,80","1.323,80","1.323,80","1.323,80","0,01K","-0,35%"
"22.04.2019","1.328,50","1.328,50","1.328,50","1.328,50","0,00K","3,96%"
"19.04.2019","1.277,90","1.277,90","1.277,90","1.277,90","-","-3,69%"
"18.04.2019","1.326,90","1.326,90","1.326,90","1.326,90","0,08K","-0,05%"
"17.04.2019","1.327,60","1.327,60","1.327,60","1.327,60","0,06K","-0,04%"
"16.04.2019","1.328,10","1.329,10","1.329,10","1.329,00","0,05K","-1,07%"
"15.04.2019","1.342,40","1.342,40","1.342,40","1.342,40","0,02K","-0,29%"
"12.04.2019","1.346,30","1.346,30","1.346,30","1.346,30","0,23K","0,22%"
"11.04.2019","1.343,40","1.356,60","1.356,60","1.356,60","0,00K","-1,50%"
"10.04.2019","1.363,90","1.363,90","1.363,90","1.363,90","0,08K","0,40%"
"09.04.2019","1.358,40","1.358,40","1.358,40","1.358,40","0,00K","0,48%"
"08.04.2019","1.351,90","1.351,90","1.351,90","1.351,90","0,00K","0,50%"
"05.04.2019","1.345,20","1.345,20","1.345,20","1.345,20","0,05K","0,13%"
"04.04.2019","1.343,50","1.343,50","1.343,50","1.343,50","0,04K","-0,04%"
"03.04.2019","1.344,00","1.344,00","1.344,00","1.344,00","0,05K","0,01%"
"02.04.2019","1.343,90","1.340,80","1.343,20","1.340,80","0,00K","0,09%"
"01.04.2019","1.342,70","1.342,70","1.342,70","1.342,70","0,03K","-0,25%"
"29.03.2019","1.346,00","1.354,10","1.354,10","1.354,10","0,00K","0,27%"
"28.03.2019","1.342,40","1.348,00","1.348,00","1.342,20","0,01K","-1,57%"
"27.03.2019","1.363,80","1.363,80","1.363,80","1.363,80","0,04K","-0,40%"
"26.03.2019","1.369,30","1.369,30","1.369,30","1.369,30","0,01K","-0,64%"
"25.03.2019","1.378,10","1.378,10","1.378,10","1.378,10","0,10K","0,64%"
"22.03.2019","1.369,30","1.368,20","1.368,20","1.368,20","0,03K","0,35%"
"21.03.2019","1.364,50","1.364,50","1.364,50","1.364,50","0,12K","0,37%"
"20.03.2019","1.359,50","1.359,50","1.359,50","1.359,50","0,02K","-0,38%"
"19.03.2019","1.364,70","1.364,70","1.364,70","1.364,70","0,00K","0,39%"
"18.03.2019","1.359,40","1.359,40","1.359,40","1.359,40","0,01K","-0,09%"
"15.03.2019","1.360,60","1.360,60","1.360,60","1.360,60","0,01K","0,57%"
"14.03.2019","1.352,90","1.352,90","1.352,90","1.352,90","0,23K","-1,11%"
"13.03.2019","1.368,10","1.368,10","1.368,10","1.368,10","0,02K","0,85%"
"12.03.2019","1.356,60","1.356,60","1.356,60","1.356,60","0,08K","0,49%"
"11.03.2019","1.350,00","1.350,00","1.350,00","1.350,00","0,00K","-0,63%"
"08.03.2019","1.358,50","1.358,50","1.358,50","1.358,50","0,00K","1,01%"
"07.03.2019","1.344,90","1.344,90","1.344,90","1.344,90","0,04K","-0,12%"
"06.03.2019","1.346,50","1.346,50","1.346,50","1.346,50","0,00K","0,22%"
"05.03.2019","1.343,50","1.343,50","1.343,50","1.343,50","0,00K","-0,21%"
"04.03.2019","1.346,30","1.346,30","1.346,30","1.346,30","0,02K","-0,88%"
"01.03.2019","1.358,30","1.358,30","1.358,30","1.358,30","0,13K","-1,24%"
"28.02.2019","1.375,30","1.374,00","1.374,00","1.374,00","0,01K","-0,38%"
"27.02.2019","1.380,50","1.380,50","1.380,50","1.380,50","0,00K","-0,53%"
"26.02.2019","1.387,90","1.387,90","1.387,90","1.387,90","0,00K","-0,08%"
"25.02.2019","1.389,00","1.389,00","1.389,00","1.389,00","0,00K","-0,25%"
"22.02.2019","1.392,50","1.392,50","1.392,50","1.392,50","0,02K","0,38%"
"21.02.2019","1.387,20","1.388,00","1.388,00","1.388,00","0,03K","-1,39%"
"20.02.2019","1.406,70","1.406,70","1.406,70","1.406,70","0,15K","0,20%"
"19.02.2019","1.403,90","1.403,90","1.403,90","1.403,90","0,04K","5,59%"
"18.02.2019","1.329,55","1.324,35","1.330,75","1.324,05","-","0,40%"
"17.02.2019","1.324,25","1.324,65","1.324,95","1.323,85","-","-4,12%"
"15.02.2019","1.381,20","1.381,20","1.381,20","1.381,20","0,03K","0,58%"
"14.02.2019","1.373,20","1.373,20","1.373,20","1.373,20","0,07K","-0,10%"
"13.02.2019","1.374,60","1.374,60","1.374,60","1.374,60","0,05K","0,10%"
"12.02.2019","1.373,20","1.373,20","1.373,20","1.373,20","0,00K","0,15%"
"11.02.2019","1.371,20","1.371,20","1.371,20","1.371,20","0,03K","-0,48%"
"08.02.2019","1.377,80","1.377,80","1.377,80","1.377,80","0,05K","0,31%"
"07.02.2019","1.373,60","1.373,60","1.373,60","1.373,60","0,00K","-0,01%"
"06.02.2019","1.373,80","1.373,80","1.373,80","1.373,80","0,00K","-0,35%"
"05.02.2019","1.378,60","1.378,60","1.378,60","1.378,60","0,04K","0,02%"
"04.02.2019","1.378,30","1.378,30","1.378,30","1.378,30","0,00K","-0,20%"
"01.02.2019","1.381,10","1.382,60","1.382,60","1.382,60","0,01K","-0,21%"
"31.01.2019","1.384,00","1.384,00","1.384,00","1.384,00","0,08K","0,59%"
"30.01.2019","1.375,90","1.377,60","1.377,60","1.377,60","0,06K","0,02%"
"29.01.2019","1.375,60","1.375,60","1.375,60","1.375,60","0,20K","0,42%"
"28.01.2019","1.369,80","1.369,80","1.369,80","1.369,80","0,00K","0,43%"
"25.01.2019","1.364,00","1.360,00","1.360,00","1.360,00","0,01K","1,42%"
"24.01.2019","1.344,90","1.344,90","1.344,90","1.344,90","0,05K","-0,33%"
"23.01.2019","1.349,30","1.349,30","1.349,30","1.349,30","0,02K","0,07%"
"22.01.2019","1.348,40","1.348,40","1.348,40","1.348,40","0,15K","5,42%"
"21.01.2019","1.279,05","1.281,95","1.282,95","1.276,15","-","-0,23%"
"20.01.2019","1.282,05","1.281,30","1.282,70","1.280,50","-","-4,90%"
"18.01.2019","1.348,10","1.348,10","1.348,10","1.348,10","0,00K","-0,72%"
"17.01.2019","1.357,90","1.357,90","1.357,90","1.357,90","0,03K","-0,10%"
"16.01.2019","1.359,30","1.359,30","1.359,30","1.359,30","0,00K","0,41%"
"15.01.2019","1.353,70","1.353,70","1.353,70","1.353,70","0,01K","-0,26%"
"14.01.2019","1.357,20","1.357,20","1.357,20","1.357,20","0,40K","0,13%"
"11.01.2019","1.355,40","1.355,40","1.355,40","1.355,40","0,05K","0,18%"
"10.01.2019","1.353,00","1.353,00","1.353,00","1.353,00","0,55K","-0,32%"
"09.01.2019","1.357,30","1.357,30","1.357,30","1.357,30","0,10K","0,46%"
"08.01.2019","1.351,10","1.351,10","1.351,10","1.351,10","0,00K","-0,30%"
"07.01.2019","1.355,20","1.355,20","1.355,20","1.355,20","0,01K","0,31%"
"04.01.2019","1.351,00","1.351,80","1.351,80","1.351,80","0,00K","-0,65%"
"03.01.2019","1.359,80","1.359,80","1.359,80","1.359,80","0,01K","0,76%"
"02.01.2019","1.349,50","1.349,50","1.349,50","1.349,50","0,10K","5,15%"
"01.01.2019","1.283,35","1.284,70","1.284,75","1.282,85","-","-4,73%"
"31.12.2018","1.347,10","1.347,10","1.347,10","1.347,10","0,05K","-0,09%"
"28.12.2018","1.348,30","1.348,30","1.348,30","1.348,30","0,08K","0,13%"
"27.12.2018","1.346,50","1.346,50","1.346,50","1.346,50","0,03K","0,61%"
"26.12.2018","1.338,30","1.343,00","1.343,00","1.343,00","0,00K","5,32%"
"25.12.2018","1.270,75","1.272,50","1.274,55","1.270,65","-","-4,96%"
"24.12.2018","1.337,00","1.337,00","1.337,00","1.337,00","0,03K","1,05%"
"21.12.2018","1.323,10","1.323,10","1.323,10","1.323,10","0,06K","-0,75%"
"20.12.2018","1.333,10","1.333,10","1.333,10","1.333,10","0,01K","0,89%"
"19.12.2018","1.321,30","1.321,30","1.321,30","1.321,30","0,27K","0,21%"
"18.12.2018","1.318,50","1.318,50","1.318,50","1.318,50","0,03K","0,08%"
"17.12.2018","1.317,40","1.317,40","1.317,40","1.317,40","0,01K","0,80%"
"14.12.2018","1.307,00","1.307,00","1.307,00","1.307,00","0,03K","-0,47%"
"13.12.2018","1.313,20","1.313,20","1.313,20","1.313,20","0,19K","-0,20%"
"12.12.2018","1.315,80","1.315,80","1.315,80","1.315,80","0,07K","0,22%"
"11.12.2018","1.312,90","1.312,90","1.312,90","1.312,90","0,00K","-0,14%"
"10.12.2018","1.314,80","1.314,80","1.314,80","1.314,80","0,09K","-0,36%"
"07.12.2018","1.319,50","1.319,50","1.319,50","1.319,50","0,00K","0,71%"
"06.12.2018","1.310,20","1.313,90","1.313,90","1.309,50","0,00K","0,05%"
"05.12.2018","1.309,60","1.309,60","1.309,60","1.309,60","0,00K","-0,30%"
"04.12.2018","1.313,60","1.313,60","1.313,60","1.313,60","0,02K","0,55%"
"03.12.2018","1.306,40","1.306,40","1.306,40","1.306,40","0,05K","1,06%"
"30.11.2018","1.292,70","1.289,70","1.289,70","1.289,70","0,00K","-0,33%"
"29.11.2018","1.297,00","1.297,00","1.297,00","1.297,00","0,00K","0,05%"
"28.11.2018","1.296,40","1.296,40","1.296,40","1.296,40","0,00K","0,77%"
"27.11.2018","1.286,50","1.286,50","1.286,50","1.286,50","0,01K","-0,72%"
"26.11.2018","1.295,80","1.295,80","1.295,80","1.295,80","0,00K","-0,02%"
"23.11.2018","1.296,10","1.296,10","1.296,10","1.296,10","0,06K","5,55%"
"22.11.2018","1.228,00","1.226,40","1.229,70","1.225,50","-","-5,60%"
"21.11.2018","1.300,80","1.300,80","1.300,80","1.300,80","0,34K","0,57%"
"20.11.2018","1.293,40","1.293,40","1.293,40","1.293,40","0,01K","-0,32%"
"19.11.2018","1.297,50","1.297,50","1.297,50","1.297,50","0,10K","0,20%"
"16.11.2018","1.294,90","1.294,90","1.294,90","1.294,90","0,00K","0,57%"
"15.11.2018","1.287,60","1.287,60","1.287,60","1.287,60","0,01K","0,34%"
"14.11.2018","1.283,20","1.283,20","1.283,20","1.283,20","0,33K","0,67%"
"13.11.2018","1.274,70","1.274,70","1.274,70","1.274,70","0,01K","-0,16%"
"12.11.2018","1.276,80","1.276,80","1.276,80","1.276,80","0,03K","-0,42%"
"09.11.2018","1.282,20","1.282,20","1.282,20","1.282,20","0,08K","-1,32%"
"08.11.2018","1.299,30","1.299,30","1.299,30","1.299,30","0,00K","-0,27%"
"07.11.2018","1.302,80","1.302,80","1.302,80","1.302,80","0,00K","0,18%"
"06.11.2018","1.300,40","1.300,40","1.300,40","1.300,40","0,01K","-0,46%"
"05.11.2018","1.306,40","1.306,40","1.306,40","1.306,40","0,05K","-0,07%"
"02.11.2018","1.307,30","1.307,30","1.307,30","1.307,30","0,00K","-0,37%"
"01.11.2018","1.312,20","1.312,20","1.312,20","1.312,20","0,01K","1,86%"
"31.10.2018","1.288,20","1.291,10","1.291,10","1.291,10","0,00K","-0,82%"
"30.10.2018","1.298,90","1.296,70","1.296,70","1.296,70","0,00K","-0,17%"
"29.10.2018","1.301,10","1.301,10","1.301,10","1.301,10","0,00K","-0,66%"
"26.10.2018","1.309,70","1.309,70","1.309,70","1.309,70","0,05K","0,23%"
"25.10.2018","1.306,70","1.306,70","1.306,70","1.306,70","0,00K","0,09%"
"24.10.2018","1.305,50","1.305,50","1.305,50","1.305,50","0,01K","-0,50%"
"23.10.2018","1.312,00","1.312,00","1.312,00","1.312,00","0,03K","0,94%"
"22.10.2018","1.299,80","1.299,80","1.299,80","1.299,80","0,02K","-0,31%"
"19.10.2018","1.303,80","1.303,80","1.303,80","1.303,80","0,06K","-0,10%"
"18.10.2018","1.305,10","1.305,10","1.305,10","1.305,10","0,17K","0,25%"
"17.10.2018","1.301,90","1.301,90","1.301,90","1.301,90","0,01K","-0,30%"
"16.10.2018","1.305,80","1.305,80","1.305,80","1.305,80","0,05K","0,03%"
"15.10.2018","1.305,40","1.305,40","1.305,40","1.305,40","0,14K","0,70%"
"12.10.2018","1.296,30","1.296,30","1.296,30","1.296,30","0,12K","-0,46%"
"11.10.2018","1.302,30","1.271,20","1.271,20","1.271,20","0,00K","2,73%"
"10.10.2018","1.267,70","1.267,70","1.267,70","1.267,70","0,06K","0,15%"
"09.10.2018","1.265,80","1.265,80","1.265,80","1.265,80","0,01K","0,23%"
"08.10.2018","1.262,90","1.262,90","1.262,90","1.262,90","0,04K","-1,35%"
"05.10.2018","1.280,20","1.280,20","1.280,20","1.280,20","0,01K","0,37%"
"04.10.2018","1.275,50","1.275,50","1.275,50","1.275,50","0,00K","-0,09%"
"03.10.2018","1.276,70","1.276,70","1.276,70","1.276,70","0,08K","-0,31%"
"02.10.2018","1.280,70","1.280,70","1.280,70","1.280,70","0,00K","1,29%"
"01.10.2018","1.264,40","1.264,40","1.264,40","1.264,40","0,18K","-0,34%"
"28.09.2018","1.268,70","1.270,00","1.270,00","1.270,00","0,00K","0,71%"
"27.09.2018","1.259,80","1.260,00","1.260,00","1.260,00","0,00K","-0,94%"
"26.09.2018","1.271,80","1.271,80","1.271,80","1.271,80","0,00K","-0,50%"
"25.09.2018","1.278,20","1.278,20","1.278,20","1.278,20","0,02K","0,06%"
"24.09.2018","1.277,40","1.277,40","1.277,40","1.277,40","0,01K","0,24%"
"21.09.2018","1.274,30","1.274,30","1.274,30","1.274,30","0,04K","-0,79%"
"20.09.2018","1.284,40","1.284,40","1.284,40","1.284,40","0,01K","0,23%"
"19.09.2018","1.281,50","1.281,50","1.281,50","1.281,50","0,01K","0,45%"
"18.09.2018","1.275,70","1.275,70","1.275,70","1.275,70","0,03K","-0,21%"
"17.09.2018","1.278,40","1.278,40","1.278,40","1.278,40","0,04K","0,36%"
"14.09.2018","1.273,80","1.273,80","1.273,80","1.273,80","0,00K","-0,56%"
"13.09.2018","1.281,00","1.281,00","1.281,00","1.281,00","0,02K","-0,23%"
"12.09.2018","1.283,90","1.269,60","1.271,00","1.269,50","0,02K","0,75%"
"11.09.2018","1.274,40","1.274,40","1.274,40","1.274,40","0,02K","0,22%"
"10.09.2018","1.271,60","1.271,60","1.271,60","1.271,60","0,01K","-0,04%"
"07.09.2018","1.272,10","1.272,10","1.272,10","1.272,10","0,00K","-0,28%"
"06.09.2018","1.275,70","1.275,70","1.275,70","1.275,70","0,00K","0,24%"
"05.09.2018","1.272,60","1.266,10","1.271,90","1.266,10","0,01K","0,19%"
"04.09.2018","1.270,20","1.270,20","1.270,20","1.270,20","0,03K","5,30%"
"03.09.2018","1.206,30","1.204,90","1.209,60","1.201,30","-","0,12%"
"02.09.2018","1.204,90","1.206,20","1.206,60","1.204,50","-","-5,70%"
"31.08.2018","1.277,70","1.277,70","1.277,70","1.277,70","0,03K","0,13%"
"30.08.2018","1.276,10","1.276,10","1.276,10","1.276,10","0,01K","-0,56%"
"29.08.2018","1.283,30","1.283,30","1.283,30","1.283,30","0,03K","-0,24%"
"28.08.2018","1.286,40","1.286,40","1.286,40","1.286,40","0,14K","-0,12%"
"27.08.2018","1.288,00","1.288,00","1.288,00","1.288,00","0,15K","0,23%"
"24.08.2018","1.285,00","1.285,00","1.285,00","1.285,00","0,01K","1,56%"
"23.08.2018","1.265,20","1.265,20","1.265,20","1.265,20","0,00K","-0,83%"
"22.08.2018","1.275,80","1.280,20","1.280,20","1.278,20","0,00K","0,24%"
"21.08.2018","1.272,80","1.272,90","1.272,90","1.272,90","0,00K","0,42%"
"20.08.2018","1.267,50","1.266,00","1.266,00","1.266,00","0,00K","0,75%"
"17.08.2018","1.258,10","1.258,10","1.258,10","1.258,10","0,00K","0,01%"
"16.08.2018","1.258,00","1.258,00","1.258,00","1.258,00","0,04K","-0,13%"
"15.08.2018","1.259,70","1.265,80","1.265,80","1.265,80","0,00K","-1,27%"
"14.08.2018","1.275,90","1.273,40","1.273,40","1.273,40","0,00K","0,14%"
"13.08.2018","1.274,10","1.274,10","1.274,10","1.274,10","0,01K","-1,58%"
"10.08.2018","1.294,60","1.294,60","1.294,60","1.294,60","0,08K","-0,09%"
"09.08.2018","1.295,80","1.295,80","1.295,80","1.295,80","0,04K","-0,08%"
"08.08.2018","1.296,80","1.296,80","1.296,80","1.296,80","0,21K","0,20%"
"07.08.2018","1.294,20","1.294,20","1.294,20","1.294,20","0,72K","0,05%"
"06.08.2018","1.293,60","1.302,80","1.305,00","1.298,60","0,01K","-0,45%"
"03.08.2018","1.299,40","1.288,80","1.298,40","1.288,80","0,01K","0,25%"
"02.08.2018","1.296,20","1.308,00","1.308,00","1.308,00","0,00K","-0,60%"
"01.08.2018","1.304,00","1.304,00","1.304,00","1.304,00","1,03K","-0,44%"
"31.07.2018","1.309,80","1.309,80","1.309,80","1.309,80","2,72K","0,16%"
"30.07.2018","1.307,70","1.306,90","1.309,10","1.301,90","0,01K","-0,10%"
"27.07.2018","1.309,00","1.309,00","1.309,00","1.309,00","0,00K","-0,19%"
"26.07.2018","1.311,50","1.311,50","1.311,50","1.311,50","0,00K","-0,39%"
"25.07.2018","1.316,70","1.316,70","1.316,70","1.316,70","0,06K","0,45%"
"24.07.2018","1.310,80","1.310,80","1.310,80","1.310,80","0,04K","0,01%"
"23.07.2018","1.310,70","1.307,60","1.307,60","1.307,60","0,00K","-0,46%"
"20.07.2018","1.316,80","1.316,80","1.316,80","1.316,80","0,15K","0,49%"
"19.07.2018","1.310,40","1.302,00","1.302,00","1.302,00","0,08K","-0,35%"
"18.07.2018","1.315,00","1.315,00","1.315,00","1.315,00","0,00K","0,03%"
"17.07.2018","1.314,60","1.320,00","1.320,00","1.320,00","0,03K","-0,97%"
"16.07.2018","1.327,50","1.327,50","1.327,50","1.327,50","0,00K","-0,11%"
"13.07.2018","1.329,00","1.327,00","1.327,00","1.327,00","0,00K","-0,46%"
"12.07.2018","1.335,20","1.335,20","1.335,20","1.335,20","0,01K","0,16%"
"11.07.2018","1.333,10","1.333,10","1.333,10","1.333,10","0,03K","-0,88%"
"10.07.2018","1.344,90","1.344,90","1.344,90","1.344,90","0,07K","-0,29%"
"09.07.2018","1.348,80","1.348,80","1.348,80","1.348,80","0,04K","0,31%"
"06.07.2018","1.344,60","1.344,60","1.344,60","1.344,60","0,01K","-0,21%"
"05.07.2018","1.347,40","1.347,40","1.347,40","1.347,40","0,01K","7,10%"
"04.07.2018","1.258,10","1.256,20","1.262,40","1.255,30","-","-6,27%"
"03.07.2018","1.342,20","1.342,20","1.342,20","1.342,20","0,04K","0,94%"
"02.07.2018","1.329,70","1.329,70","1.329,70","1.329,70","0,03K","-1,04%"
"29.06.2018","1.343,70","1.343,70","1.343,70","1.343,70","0,05K","0,28%"
"28.06.2018","1.340,00","1.340,00","1.340,00","1.340,00","0,38K","-0,41%"
"27.06.2018","1.345,50","1.345,50","1.345,50","1.345,50","0,01K","-0,33%"
"26.06.2018","1.350,00","1.350,00","1.350,00","1.350,00","0,09K","-0,71%"
"25.06.2018","1.359,60","1.353,70","1.353,70","1.353,70","0,00K","-0,15%"
"22.06.2018","1.361,70","1.365,00","1.365,00","1.365,00","0,00K","0,02%"
"21.06.2018","1.361,40","1.360,00","1.360,00","1.360,00","0,00K","-0,31%"
"20.06.2018","1.365,70","1.376,80","1.376,80","1.376,80","0,00K","-0,28%"
"19.06.2018","1.369,60","1.369,60","1.369,60","1.369,60","0,03K","-0,14%"
"18.06.2018","1.371,50","1.371,50","1.371,50","1.371,50","0,04K","0,13%"
"15.06.2018","1.369,70","1.369,70","1.369,70","1.369,70","0,59K","-2,23%"
"14.06.2018","1.401,00","1.401,00","1.401,00","1.401,00","0,05K","0,51%"
"13.06.2018","1.393,90","1.393,90","1.393,90","1.393,90","0,14K","0,12%"
"12.06.2018","1.392,20","1.392,20","1.392,20","1.392,20","0,15K","-0,27%"
"11.06.2018","1.395,90","1.395,90","1.395,90","1.395,90","0,07K","0,08%"
"08.06.2018","1.394,80","1.394,80","1.394,80","1.394,80","0,65K","0,00%"
"07.06.2018","1.394,80","1.394,80","1.394,80","1.394,80","0,08K","0,06%"
"06.06.2018","1.393,90","1.393,90","1.393,90","1.393,90","0,03K","-0,04%"
"05.06.2018","1.394,50","1.394,50","1.394,50","1.394,50","0,36K","0,36%"
"04.06.2018","1.389,50","1.389,60","1.390,50","1.389,60","0,00K","-0,04%"
"01.06.2018","1.390,10","1.392,40","1.392,40","1.392,40","0,00K","-0,35%"
"31.05.2018","1.395,00","1.395,00","1.395,00","1.395,00","4,08K","-0,12%"
"30.05.2018","1.396,70","1.396,70","1.396,70","1.396,70","50,85K","0,22%"
"29.05.2018","1.393,70","1.393,70","1.393,70","1.393,70","0,08K","7,41%"
"28.05.2018","1.297,60","1.298,40","1.299,70","1.294,70","-","-0,05%"
"27.05.2018","1.298,30","1.299,80","1.299,90","1.296,10","-","-7,48%"
"25.05.2018","1.403,20","1.403,20","1.403,20","1.403,20","0,00K","-0,07%"
"24.05.2018","1.404,20","1.404,20","1.404,20","1.404,20","0,02K","1,08%"
"23.05.2018","1.389,20","1.389,20","1.389,20","1.389,20","0,01K","-0,21%"
"22.05.2018","1.392,10","1.392,10","1.392,10","1.392,10","0,05K","0,07%"
"21.05.2018","1.391,10","1.391,10","1.391,10","1.391,10","0,05K","-0,01%"
"18.05.2018","1.391,30","1.391,30","1.391,30","1.391,30","0,00K","0,09%"
"17.05.2018","1.390,00","1.390,00","1.390,00","1.390,00","0,00K","-0,15%"
"16.05.2018","1.392,10","1.392,10","1.392,10","1.392,10","0,03K","0,17%"
"15.05.2018","1.389,80","1.405,30","1.405,30","1.405,30","0,00K","-1,98%"
"14.05.2018","1.417,90","1.417,90","1.417,90","1.417,90","0,00K","-0,18%"
"11.05.2018","1.420,40","1.420,40","1.420,40","1.420,40","0,00K","-0,12%"
"10.05.2018","1.422,10","1.422,10","1.422,10","1.422,10","0,01K","0,64%"
"09.05.2018","1.413,00","1.413,50","1.413,50","1.413,30","0,03K","-0,06%"
"08.05.2018","1.413,80","1.413,80","1.413,80","1.413,80","0,34K","-0,03%"
"07.05.2018","1.414,20","1.414,20","1.414,20","1.414,20","0,00K","-0,04%"
"04.05.2018","1.414,70","1.414,70","1.414,70","1.414,70","0,04K","0,16%"
"03.05.2018","1.412,40","1.412,40","1.412,40","1.412,40","0,00K","0,51%"
"02.05.2018","1.405,30","1.405,30","1.405,30","1.405,30","0,02K","-0,08%"
"01.05.2018","1.406,40","1.406,40","1.406,40","1.406,40","0,03K","-0,89%"
"30.04.2018","1.419,10","1.419,10","1.419,10","1.419,10","0,05K","-0,32%"
"27.04.2018","1.423,60","1.423,60","1.423,60","1.423,60","0,62K","0,39%"
"26.04.2018","1.418,00","1.418,00","1.418,00","1.418,00","0,01K","-0,34%"
"25.04.2018","1.422,90","1.422,90","1.422,90","1.422,90","0,28K","-0,71%"
"24.04.2018","1.433,10","1.433,10","1.433,10","1.433,10","0,03K","0,64%"
"23.04.2018","1.424,00","1.424,00","1.424,00","1.424,00","0,01K","-0,99%"
"20.04.2018","1.438,20","1.442,00","1.442,00","1.442,00","0,00K","-0,73%"
"19.04.2018","1.448,80","1.453,00","1.453,00","1.453,00","0,00K","-0,32%"
"18.04.2018","1.453,50","1.460,10","1.460,10","1.460,10","0,00K","0,29%"
"17.04.2018","1.449,30","1.449,30","1.449,30","1.449,30","0,41K","-0,09%"
"16.04.2018","1.450,60","1.450,60","1.450,60","1.450,60","0,06K","0,19%"
"13.04.2018","1.447,90","1.447,90","1.447,90","1.447,90","0,07K","0,45%"
"12.04.2018","1.441,40","1.441,40","1.441,40","1.441,40","0,03K","-1,27%"
"11.04.2018","1.460,00","1.460,00","1.460,00","1.460,00","0,00K","1,00%"
"10.04.2018","1.445,50","1.445,50","1.445,50","1.445,50","0,11K","0,41%"
"09.04.2018","1.439,60","1.439,60","1.439,60","1.439,60","0,29K","0,26%"
"06.04.2018","1.435,90","1.435,90","1.435,90","1.435,90","0,35K","0,55%"
"05.04.2018","1.428,10","1.428,10","1.428,10","1.428,10","0,26K","-0,81%"
"04.04.2018","1.439,70","1.439,70","1.439,70","1.439,70","0,72K","0,22%"
"03.04.2018","1.436,50","1.436,50","1.436,50","1.436,50","0,70K","-0,64%"
"02.04.2018","1.445,80","1.445,80","1.445,80","1.445,80","0,65K","1,39%"
"29.03.2018","1.426,00","1.426,00","1.426,00","1.426,00","5,59K","-0,20%"
"28.03.2018","1.428,90","1.428,90","1.428,90","1.428,90","59,28K","-1,31%"
"27.03.2018","1.447,80","1.447,80","1.447,80","1.447,80","0,01K","-0,90%"
"26.03.2018","1.461,00","1.461,00","1.461,00","1.461,00","0,01K","0,41%"
"23.03.2018","1.455,00","1.455,00","1.455,00","1.455,00","0,01K","1,59%"
"22.03.2018","1.432,20","1.432,20","1.432,20","1.432,20","0,00K","0,39%"
"21.03.2018","1.426,60","1.426,60","1.426,60","1.426,60","0,01K","0,73%"
"20.03.2018","1.416,20","1.416,20","1.416,20","1.416,20","0,00K","-0,39%"
"19.03.2018","1.421,70","1.421,70","1.421,70","1.421,70","0,01K","0,38%"
"16.03.2018","1.416,30","1.416,30","1.416,30","1.416,30","0,03K","-0,38%"
"15.03.2018","1.421,70","1.421,70","1.421,70","1.421,70","0,10K","-0,56%"
"14.03.2018","1.429,70","1.429,70","1.429,70","1.429,70","0,03K","-0,12%"
"13.03.2018","1.431,40","1.433,40","1.433,40","1.433,40","0,00K","0,46%"
"12.03.2018","1.424,80","1.424,80","1.424,80","1.424,80","0,00K","-0,22%"
"09.03.2018","1.428,00","1.428,00","1.428,00","1.428,00","0,09K","0,30%"
"08.03.2018","1.423,70","1.423,70","1.423,70","1.423,70","0,06K","-0,29%"
"07.03.2018","1.427,90","1.427,90","1.427,90","1.427,90","0,03K","-0,56%"
"06.03.2018","1.435,90","1.435,90","1.435,90","1.435,90","0,02K","1,08%"
"05.03.2018","1.420,50","1.420,50","1.420,50","1.420,50","0,02K","-0,26%"
"02.03.2018","1.424,20","1.424,20","1.424,20","1.424,20","0,16K","1,29%"
"01.03.2018","1.406,00","1.406,00","1.406,00","1.406,00","0,04K","-0,93%"
"28.02.2018","1.419,20","1.419,20","1.419,20","1.419,20","0,06K","-0,03%"
"27.02.2018","1.419,60","1.419,60","1.419,60","1.419,60","0,05K","-0,94%"
"26.02.2018","1.433,10","1.433,10","1.433,10","1.433,10","0,04K","0,29%"
"23.02.2018","1.429,00","1.429,00","1.429,00","1.429,00","0,43K","-0,17%"
"22.02.2018","1.431,40","1.431,40","1.431,40","1.431,40","0,07K","0,06%"
"21.02.2018","1.430,60","1.430,60","1.430,60","1.430,60","0,12K","0,15%"
"20.02.2018","1.428,40","1.428,40","1.428,40","1.428,40","0,28K","5,98%"
"19.02.2018","1.347,80","1.350,40","1.353,90","1.347,40","-","-0,20%"
"18.02.2018","1.350,50","1.349,70","1.352,40","1.349,70","-","-7,04%"
"16.02.2018","1.452,80","1.452,80","1.452,80","1.452,80","0,11K","0,09%"
"15.02.2018","1.451,50","1.451,50","1.451,50","1.451,50","0,11K","-0,10%"
"14.02.2018","1.452,90","1.452,90","1.452,90","1.452,90","0,40K","1,97%"
"13.02.2018","1.424,80","1.424,80","1.424,80","1.424,80","0,07K","0,27%"
"12.02.2018","1.420,90","1.420,90","1.420,90","1.420,90","0,14K","0,77%"
"09.02.2018","1.410,10","1.410,10","1.410,10","1.410,10","0,00K","-0,33%"
"08.02.2018","1.414,80","1.414,80","1.414,80","1.414,80","0,46K","0,29%"
"07.02.2018","1.410,70","1.410,70","1.410,70","1.410,70","0,49K","-1,03%"
"06.02.2018","1.425,40","1.425,40","1.425,40","1.425,40","0,53K","-0,52%"
"05.02.2018","1.432,90","1.432,90","1.432,90","1.432,90","0,64K","-0,12%"
"02.02.2018","1.434,60","1.434,60","1.434,60","1.434,60","2,84K","-0,73%"
"01.02.2018","1.445,10","1.445,10","1.445,10","1.445,10","1,68K","0,40%"
"31.01.2018","1.439,40","1.439,40","1.439,40","1.439,40","4,88K","0,22%"
"30.01.2018","1.436,20","1.436,20","1.436,20","1.436,20","52,10K","-0,35%"
"29.01.2018","1.441,30","1.441,30","1.441,30","1.441,30","0,00K","-0,85%"
"26.01.2018","1.453,70","1.453,70","1.453,70","1.453,70","0,05K","-0,64%"
"25.01.2018","1.463,10","1.463,10","1.463,10","1.463,10","0,00K","0,47%"
"24.01.2018","1.456,30","1.456,30","1.456,30","1.456,30","0,02K","1,54%"
"23.01.2018","1.434,20","1.434,20","1.434,20","1.434,20","0,05K","0,32%"
"22.01.2018","1.429,60","1.429,60","1.429,60","1.429,60","0,16K","0,26%"
"19.01.2018","1.425,90","1.425,90","1.425,90","1.425,90","0,05K","0,49%"
"18.01.2018","1.419,00","1.419,00","1.419,00","1.419,00","0,21K","-0,84%"
"17.01.2018","1.431,00","1.431,00","1.431,00","1.431,00","0,03K","0,20%"
"16.01.2018","1.428,10","1.428,10","1.428,10","1.428,10","0,01K","6,43%"
"15.01.2018","1.341,80","1.337,30","1.344,90","1.337,00","-","0,33%"
"14.01.2018","1.337,40","1.337,70","1.338,60","1.336,40","-","-6,19%"
"12.01.2018","1.425,70","1.425,70","1.425,70","1.425,70","0,01K","1,01%"
"11.01.2018","1.411,40","1.411,40","1.411,40","1.411,40","0,01K","0,22%"
"10.01.2018","1.408,30","1.408,30","1.408,30","1.408,30","0,00K","0,50%"
"09.01.2018","1.401,30","1.398,00","1.398,00","1.398,00","0,00K","-0,43%"
"08.01.2018","1.407,40","1.407,40","1.407,40","1.407,40","0,04K","-0,06%"
"05.01.2018","1.408,30","1.408,30","1.408,30","1.408,30","0,00K","0,07%"
"04.01.2018","1.407,30","1.407,30","1.407,30","1.407,30","0,00K","0,24%"
"03.01.2018","1.404,00","1.399,00","1.399,00","1.399,00","0,00K","0,28%"
"02.01.2018","1.400,10","1.400,10","1.400,10","1.400,10","0,00K","6,98%"
"01.01.2018","1.308,70","1.305,80","1.309,70","1.304,60","-","-5,98%"
"29.12.2017","1.391,90","1.391,90","1.391,90","1.391,90","0,07K","0,91%"
"28.12.2017","1.379,40","1.372,10","1.372,10","1.372,00","0,01K","0,52%"
"27.12.2017","1.372,30","1.372,30","1.372,30","1.372,30","0,07K","0,28%"
"26.12.2017","1.368,50","1.368,50","1.368,50","1.368,50","0,08K","7,09%"
"25.12.2017","1.277,90","1.278,90","1.279,50","1.277,90","-","-6,02%"
"22.12.2017","1.359,80","1.353,70","1.354,30","1.353,70","0,00K","0,63%"
"21.12.2017","1.351,30","1.351,30","1.351,30","1.351,30","0,23K","0,07%"
"20.12.2017","1.350,40","1.350,40","1.350,40","1.350,40","0,06K","0,42%"
"19.12.2017","1.344,80","1.344,80","1.344,80","1.344,80","0,33K","-0,06%"
"18.12.2017","1.345,60","1.345,60","1.345,60","1.345,60","0,05K","0,61%"
"15.12.2017","1.337,40","1.337,40","1.337,40","1.337,40","0,58K","0,01%"
"14.12.2017","1.337,20","1.342,00","1.342,00","1.334,00","0,00K","0,64%"
"13.12.2017","1.328,70","1.328,70","1.328,70","1.328,70","0,35K","0,51%"
"12.12.2017","1.321,90","1.321,90","1.321,90","1.321,90","0,06K","-0,37%"
"11.12.2017","1.326,80","1.326,80","1.326,80","1.326,80","0,15K","-0,10%"
"08.12.2017","1.328,10","1.330,50","1.330,50","1.330,50","0,00K","-0,37%"
"07.12.2017","1.333,00","1.327,60","1.327,60","1.327,60","0,01K","-0,98%"
"06.12.2017","1.346,20","1.346,20","1.346,20","1.346,20","0,37K","0,08%"
"05.12.2017","1.345,10","1.345,10","1.345,10","1.345,10","1,50K","-0,95%"
"04.12.2017","1.358,00","1.358,00","1.358,00","1.358,00","0,85K","-0,35%"
"01.12.2017","1.362,80","1.362,80","1.362,80","1.362,80","0,82K","0,41%"
"30.11.2017","1.357,30","1.357,30","1.357,30","1.357,30","3,05K","-0,67%"
"29.11.2017","1.366,40","1.382,00","1.382,00","1.382,00","0,01K","-0,91%"
"28.11.2017","1.379,00","1.379,00","1.379,00","1.379,00","4,06K","0,02%"
"27.11.2017","1.378,70","1.378,70","1.378,70","1.378,70","0,00K","0,52%"
"24.11.2017","1.371,60","1.371,60","1.371,60","1.371,60","0,01K","6,19%"
"23.11.2017","1.291,66","1.291,19","1.293,87","1.287,65","-","-6,16%"
"22.11.2017","1.376,40","1.376,40","1.376,40","1.376,40","0,03K","0,85%"
"21.11.2017","1.364,80","1.364,80","1.364,80","1.364,80","0,02K","0,53%"
"20.11.2017","1.357,60","1.357,60","1.357,60","1.357,60","0,00K","-1,48%"
"17.11.2017","1.378,00","1.378,00","1.378,00","1.378,00","0,00K","1,37%"
"16.11.2017","1.359,40","1.359,40","1.359,40","1.359,40","0,04K","0,05%"
"15.11.2017","1.358,70","1.358,70","1.358,70","1.358,70","0,01K","-0,40%"
"14.11.2017","1.364,20","1.364,20","1.364,20","1.364,20","0,00K","0,28%"
"13.11.2017","1.360,40","1.360,40","1.360,40","1.360,40","0,02K","0,44%"
"10.11.2017","1.354,50","1.354,50","1.354,50","1.354,50","0,10K","-0,90%"
"09.11.2017","1.366,80","1.366,80","1.366,80","1.366,80","0,02K","0,33%"
"08.11.2017","1.362,30","1.362,30","1.362,30","1.362,30","0,02K","0,62%"
"07.11.2017","1.353,90","1.353,90","1.353,90","1.353,90","0,01K","-0,43%"
"06.11.2017","1.359,70","1.359,70","1.359,70","1.359,70","0,13K","0,95%"
"03.11.2017","1.346,90","1.346,90","1.346,90","1.346,90","0,08K","-0,63%"
"02.11.2017","1.355,40","1.355,40","1.355,40","1.355,40","0,07K","0,06%"
"01.11.2017","1.354,60","1.354,60","1.354,60","1.354,60","0,08K","0,51%"
"31.10.2017","1.347,70","1.347,70","1.347,70","1.347,70","0,24K","-0,53%"
"30.10.2017","1.354,90","1.354,90","1.354,90","1.354,90","0,22K","0,43%"
"27.10.2017","1.349,10","1.351,70","1.351,70","1.351,70","0,00K","0,19%"
"26.10.2017","1.346,50","1.346,50","1.346,50","1.346,50","0,04K","-0,66%"
"25.10.2017","1.355,50","1.355,50","1.355,50","1.355,50","0,11K","0,10%"
"24.10.2017","1.354,20","1.354,20","1.354,20","1.354,20","0,11K","-0,20%"
"23.10.2017","1.356,90","1.356,90","1.356,90","1.356,90","0,12K","0,05%"
"20.10.2017","1.356,20","1.356,20","1.356,20","1.356,20","0,30K","-0,71%"
"19.10.2017","1.365,90","1.365,90","1.365,90","1.365,90","0,13K","0,49%"
"18.10.2017","1.359,30","1.359,30","1.359,30","1.359,30","0,16K","-0,23%"
"17.10.2017","1.362,50","1.362,50","1.362,50","1.362,50","0,57K","-1,25%"
"16.10.2017","1.379,70","1.382,00","1.382,00","1.382,00","0,01K","-0,05%"
"13.10.2017","1.380,40","1.372,00","1.372,00","1.372,00","0,00K","0,59%"
"12.10.2017","1.372,30","1.372,30","1.372,30","1.372,30","0,01K","0,57%"
"11.10.2017","1.364,50","1.364,50","1.364,50","1.364,50","0,02K","-0,36%"
"10.10.2017","1.369,40","1.374,70","1.374,70","1.374,70","0,00K","0,66%"
"09.10.2017","1.360,40","1.362,00","1.362,00","1.362,00","0,00K","0,77%"
"06.10.2017","1.350,00","1.350,00","1.350,00","1.350,00","0,05K","0,13%"
"05.10.2017","1.348,30","1.348,30","1.348,30","1.348,30","0,04K","-0,20%"
"04.10.2017","1.351,00","1.351,00","1.351,00","1.351,00","0,22K","0,16%"
"03.10.2017","1.348,80","1.353,30","1.353,30","1.353,30","0,00K","-0,10%"
"02.10.2017","1.350,10","1.350,10","1.350,10","1.350,10","0,14K","-0,55%"
"29.09.2017","1.357,60","1.357,60","1.357,60","1.357,60","0,49K","-0,27%"
"28.09.2017","1.361,30","1.361,30","1.361,30","1.361,30","0,05K","0,04%"
"27.09.2017","1.360,70","1.360,70","1.360,70","1.360,70","0,02K","-0,98%"
"26.09.2017","1.374,10","1.374,10","1.374,10","1.374,10","0,04K","-0,68%"
"25.09.2017","1.383,50","1.382,00","1.382,00","1.382,00","0,00K","1,03%"
"22.09.2017","1.369,40","1.369,40","1.369,40","1.369,40","0,21K","0,20%"
"21.09.2017","1.366,70","1.367,30","1.367,30","1.367,30","0,00K","-1,56%"
"20.09.2017","1.388,30","1.388,30","1.388,30","1.388,30","0,01K","0,41%"
"19.09.2017","1.382,60","1.382,60","1.382,60","1.382,60","0,05K","0,17%"
"18.09.2017","1.380,30","1.380,30","1.380,30","1.380,30","0,00K","-1,06%"
"15.09.2017","1.395,10","1.395,10","1.395,10","1.395,10","0,02K","-0,29%"
"14.09.2017","1.399,20","1.399,20","1.399,20","1.399,20","0,32K","0,18%"
"13.09.2017","1.396,70","1.396,70","1.396,70","1.396,70","0,08K","-0,36%"
"12.09.2017","1.401,80","1.406,60","1.406,60","1.406,60","0,03K","-0,16%"
"11.09.2017","1.404,10","1.404,10","1.404,10","1.404,10","0,00K","-1,07%"
"08.09.2017","1.419,30","1.419,30","1.419,30","1.419,30","0,04K","0,09%"
"07.09.2017","1.418,00","1.418,00","1.418,00","1.418,00","0,03K","0,86%"
"06.09.2017","1.405,90","1.405,90","1.405,90","1.405,90","0,08K","-0,38%"
"05.09.2017","1.411,20","1.411,20","1.411,20","1.411,20","0,01K","5,46%"
"04.09.2017","1.338,08","1.341,21","1.344,59","1.337,01","-","-0,23%"
"03.09.2017","1.341,22","1.340,54","1.342,07","1.338,96","-","-4,00%"
"01.09.2017","1.397,10","1.397,10","1.397,10","1.397,10","0,04K","0,62%"
"31.08.2017","1.388,50","1.389,50","1.393,70","1.389,50","0,00K","0,55%"
"30.08.2017","1.380,90","1.380,90","1.380,90","1.380,90","0,37K","-0,35%"
"29.08.2017","1.385,70","1.385,70","1.385,70","1.385,70","0,30K","0,22%"
"28.08.2017","1.382,60","1.381,90","1.381,90","1.381,90","0,00K","1,30%"
"25.08.2017","1.364,80","1.364,80","1.364,80","1.364,80","0,28K","0,43%"
"24.08.2017","1.358,90","1.358,90","1.358,90","1.358,90","0,55K","-0,21%"
"23.08.2017","1.361,70","1.361,70","1.361,70","1.361,70","0,25K","0,23%"
"22.08.2017","1.358,60","1.358,60","1.358,60","1.358,60","0,10K","-0,40%"
"21.08.2017","1.364,10","1.364,10","1.364,10","1.364,10","0,02K","0,39%"
"18.08.2017","1.358,80","1.362,70","1.372,50","1.362,70","0,00K","-0,08%"
"17.08.2017","1.359,90","1.359,90","1.359,90","1.359,90","0,04K","0,67%"
"16.08.2017","1.350,80","1.350,80","1.350,80","1.350,80","0,11K","0,24%"
"15.08.2017","1.347,50","1.347,50","1.347,50","1.347,50","0,19K","-0,78%"
"14.08.2017","1.358,10","1.358,10","1.358,10","1.358,10","0,34K","-0,24%"
"11.08.2017","1.361,40","1.361,40","1.361,40","1.361,40","0,14K","0,27%"
"10.08.2017","1.357,80","1.357,80","1.357,80","1.357,80","0,61K","0,80%"
"09.08.2017","1.347,00","1.347,00","1.347,00","1.347,00","0,57K","1,25%"
"08.08.2017","1.330,40","1.330,40","1.330,40","1.330,40","0,56K","-0,12%"
"07.08.2017","1.332,00","1.326,40","1.326,40","1.326,40","0,00K","0,02%"
"04.08.2017","1.331,70","1.331,70","1.331,70","1.331,70","0,52K","-0,74%"
"03.08.2017","1.341,60","1.341,60","1.341,60","1.341,60","0,00K","-0,29%"
"02.08.2017","1.345,50","1.345,50","1.345,50","1.345,50","0,39K","-0,06%"
"01.08.2017","1.346,30","1.346,30","1.346,30","1.346,30","1,06K","0,42%"
"31.07.2017","1.340,70","1.340,70","1.340,70","1.340,70","7,78K","-0,14%"
"28.07.2017","1.342,60","1.342,60","1.342,60","1.342,60","64,18K","0,67%"
"27.07.2017","1.333,70","1.333,70","1.333,70","1.333,70","0,05K","0,85%"
"26.07.2017","1.322,40","1.322,40","1.322,40","1.322,40","0,00K","-0,06%"
"25.07.2017","1.323,20","1.323,20","1.323,20","1.323,20","0,02K","-0,17%"
"24.07.2017","1.325,40","1.323,60","1.323,60","1.323,60","0,00K","-0,04%"
"21.07.2017","1.325,90","1.325,90","1.325,90","1.325,90","0,02K","0,67%"
"20.07.2017","1.317,10","1.317,10","1.317,10","1.317,10","0,01K","0,26%"
"19.07.2017","1.313,70","1.313,70","1.313,70","1.313,70","0,00K","0,02%"
"18.07.2017","1.313,50","1.313,50","1.313,50","1.313,50","0,03K","0,62%"
"17.07.2017","1.305,40","1.305,40","1.305,40","1.305,40","0,01K","0,51%"
"14.07.2017","1.298,80","1.289,00","1.289,00","1.289,00","0,00K","0,80%"
"13.07.2017","1.288,50","1.288,50","1.288,50","1.288,50","0,01K","-0,21%"
"12.07.2017","1.291,20","1.291,20","1.291,20","1.291,20","0,01K","0,27%"
"11.07.2017","1.287,70","1.287,70","1.287,70","1.287,70","0,01K","0,13%"
"10.07.2017","1.286,00","1.286,00","1.286,00","1.286,00","0,03K","0,28%"
"07.07.2017","1.282,40","1.282,30","1.282,30","1.282,30","0,00K","-1,10%"
"06.07.2017","1.296,70","1.296,70","1.296,70","1.296,70","0,00K","0,22%"
"05.07.2017","1.293,90","1.293,90","1.293,90","1.293,90","0,00K","5,41%"
"04.07.2017","1.227,55","1.224,30","1.228,03","1.221,49","-","-4,91%"
"03.07.2017","1.290,90","1.289,90","1.289,90","1.289,00","0,02K","-1,76%"
"30.06.2017","1.314,00","1.314,00","1.314,00","1.314,00","0,04K","-0,28%"
"29.06.2017","1.317,70","1.322,80","1.322,80","1.313,70","0,00K","-0,23%"
"28.06.2017","1.320,80","1.320,80","1.320,80","1.320,80","0,01K","0,18%"
"27.06.2017","1.318,40","1.318,40","1.318,40","1.318,40","0,11K","0,05%"
"26.06.2017","1.317,70","1.317,70","1.317,70","1.317,70","0,19K","-0,75%"
"23.06.2017","1.327,70","1.327,70","1.327,70","1.327,70","0,00K","0,55%"
"22.06.2017","1.320,40","1.320,40","1.320,40","1.320,40","0,16K","0,25%"
"21.06.2017","1.317,10","1.317,10","1.317,10","1.317,10","0,01K","0,14%"
"20.06.2017","1.315,20","1.315,20","1.315,20","1.315,20","0,08K","-0,27%"
"19.06.2017","1.318,80","1.318,80","1.318,80","1.318,80","0,11K","-0,73%"
"16.06.2017","1.328,50","1.328,50","1.328,50","1.328,50","0,03K","0,13%"
"15.06.2017","1.326,80","1.326,80","1.326,80","1.326,80","0,74K","-1,59%"
"14.06.2017","1.348,20","1.348,20","1.348,20","1.348,20","0,34K","0,52%"
"13.06.2017","1.341,20","1.342,80","1.342,80","1.342,80","0,00K","-0,02%"
"12.06.2017","1.341,50","1.341,50","1.341,50","1.341,50","0,26K","-0,18%"
"09.06.2017","1.343,90","1.343,90","1.343,90","1.343,90","0,00K","-0,59%"
"08.06.2017","1.351,90","1.351,90","1.351,90","1.351,90","0,32K","-1,00%"
"07.06.2017","1.365,60","1.365,60","1.365,60","1.365,60","0,64K","-0,32%"
"06.06.2017","1.370,00","1.370,00","1.370,00","1.370,00","0,94K","1,06%"
"05.06.2017","1.355,60","1.355,60","1.355,60","1.355,60","0,43K","0,18%"
"02.06.2017","1.353,10","1.353,10","1.353,10","1.353,10","1,73K","0,74%"
"01.06.2017","1.343,20","1.343,20","1.343,20","1.343,20","0,83K","-0,39%"
"31.05.2017","1.348,50","1.348,50","1.348,50","1.348,50","2,71K","0,70%"
"30.05.2017","1.339,10","1.339,10","1.339,10","1.339,10","129,82K","5,72%"
"29.05.2017","1.266,69","1.268,02","1.268,60","1.264,96","-","-0,12%"
"28.05.2017","1.268,22","1.266,31","1.269,02","1.266,31","-","-5,69%"
"26.05.2017","1.344,80","1.344,80","1.344,80","1.344,80","0,00K","0,86%"
"25.05.2017","1.333,30","1.333,30","1.333,30","1.333,30","0,01K","0,27%"
"24.05.2017","1.329,70","1.329,70","1.329,70","1.329,70","0,01K","-0,18%"
"23.05.2017","1.332,10","1.332,10","1.332,10","1.332,10","0,02K","-0,44%"
"22.05.2017","1.338,00","1.338,00","1.338,00","1.338,00","0,01K","0,61%"
"19.05.2017","1.329,90","1.329,90","1.329,90","1.329,90","0,01K","0,05%"
"18.05.2017","1.329,20","1.339,80","1.340,00","1.339,80","0,04K","-0,52%"
"17.05.2017","1.336,20","1.336,20","1.336,20","1.336,20","0,03K","1,66%"
"16.05.2017","1.314,40","1.312,70","1.312,70","1.312,70","0,00K","0,49%"
"15.05.2017","1.308,00","1.307,50","1.308,00","1.307,50","0,00K","0,18%"
"12.05.2017","1.305,70","1.305,70","1.305,70","1.305,70","0,03K","0,21%"
"11.05.2017","1.302,90","1.302,90","1.302,90","1.302,90","0,01K","0,41%"
"10.05.2017","1.297,60","1.305,00","1.305,20","1.305,00","0,01K","0,19%"
"09.05.2017","1.295,10","1.306,10","1.306,10","1.303,20","0,01K","-0,84%"
"08.05.2017","1.306,10","1.306,10","1.306,10","1.306,10","0,04K","0,02%"
"05.05.2017","1.305,80","1.305,80","1.305,80","1.305,80","0,02K","-0,12%"
"04.05.2017","1.307,40","1.312,10","1.312,10","1.312,10","0,00K","-1,52%"
"03.05.2017","1.327,60","1.326,90","1.326,90","1.326,90","0,00K","-0,64%"
"02.05.2017","1.336,10","1.336,10","1.336,10","1.336,10","0,09K","0,11%"
"01.05.2017","1.334,60","1.334,60","1.334,60","1.334,60","0,03K","-0,93%"
"28.04.2017","1.347,10","1.347,10","1.347,10","1.347,10","0,09K","0,18%"
"27.04.2017","1.344,70","1.344,70","1.344,70","1.344,70","0,21K","0,13%"
"26.04.2017","1.343,00","1.343,00","1.343,00","1.343,00","0,10K","-0,22%"
"25.04.2017","1.346,00","1.346,00","1.346,00","1.346,00","0,36K","-0,72%"
"24.04.2017","1.355,80","1.355,80","1.355,80","1.355,80","0,61K","-0,82%"
"21.04.2017","1.367,00","1.359,80","1.378,00","1.359,80","0,00K","0,39%"
"20.04.2017","1.361,70","1.361,70","1.361,70","1.361,70","0,13K","0,09%"
"19.04.2017","1.360,50","1.360,50","1.360,50","1.360,50","0,19K","-0,76%"
"18.04.2017","1.370,90","1.370,90","1.370,90","1.370,90","0,00K","0,08%"
"17.04.2017","1.369,80","1.369,80","1.369,80","1.369,80","0,07K","6,21%"
"14.04.2017","1.289,65","1.289,65","1.289,65","1.289,65","-","-5,64%"
"13.04.2017","1.366,70","1.366,70","1.366,70","1.366,70","0,92K","0,69%"
"12.04.2017","1.357,30","1.357,30","1.357,30","1.357,30","0,00K","0,29%"
"11.04.2017","1.353,40","1.353,40","1.353,40","1.353,40","0,40K","1,51%"
"10.04.2017","1.333,30","1.333,30","1.333,30","1.333,30","0,18K","-0,26%"
"07.04.2017","1.336,80","1.336,80","1.336,80","1.336,80","0,00K","0,33%"
"06.04.2017","1.332,40","1.332,40","1.332,40","1.332,40","0,00K","0,37%"
"05.04.2017","1.327,50","1.327,50","1.327,50","1.327,50","0,91K","-0,70%"
"04.04.2017","1.336,80","1.333,10","1.333,10","1.333,10","0,00K","0,31%"
"03.04.2017","1.332,70","1.332,70","1.332,70","1.332,70","1,16K","0,22%"
"31.03.2017","1.329,80","1.339,00","1.339,00","1.339,00","0,00K","0,23%"
"30.03.2017","1.326,70","1.344,00","1.344,00","1.341,30","0,00K","-0,66%"
"29.03.2017","1.335,50","1.335,50","1.335,50","1.335,50","0,04K","-0,15%"
"28.03.2017","1.337,50","1.338,70","1.338,70","1.338,70","0,00K","0,01%"
"27.03.2017","1.337,40","1.337,40","1.337,40","1.337,40","0,07K","0,53%"
"24.03.2017","1.330,40","1.330,40","1.330,40","1.330,40","0,00K","0,14%"
"23.03.2017","1.328,50","1.328,50","1.328,50","1.328,50","0,02K","-0,23%"
"22.03.2017","1.331,50","1.331,50","1.331,50","1.331,50","0,00K","0,19%"
"21.03.2017","1.329,00","1.316,50","1.316,50","1.316,50","0,00K","0,90%"
"20.03.2017","1.317,20","1.317,20","1.317,20","1.317,20","0,02K","0,27%"
"17.03.2017","1.313,60","1.313,60","1.313,60","1.313,60","0,03K","0,22%"
"16.03.2017","1.310,70","1.310,70","1.310,70","1.310,70","0,05K","2,06%"
"15.03.2017","1.284,30","1.284,30","1.284,30","1.284,30","0,04K","-0,16%"
"14.03.2017","1.286,30","1.286,30","1.286,30","1.286,30","0,02K","-0,02%"
"13.03.2017","1.286,60","1.294,00","1.294,00","1.294,00","0,02K","0,20%"
"10.03.2017","1.284,00","1.284,00","1.284,00","1.284,00","0,00K","-0,13%"
"09.03.2017","1.285,70","1.285,70","1.285,70","1.285,70","0,04K","-0,48%"
"08.03.2017","1.291,90","1.291,90","1.291,90","1.291,90","0,02K","-0,45%"
"07.03.2017","1.297,70","1.307,60","1.307,60","1.307,50","0,03K","-0,73%"
"06.03.2017","1.307,30","1.307,30","1.307,30","1.307,30","0,03K","-0,11%"
"03.03.2017","1.308,80","1.308,80","1.308,80","1.308,80","0,12K","-0,39%"
"02.03.2017","1.313,90","1.313,90","1.313,90","1.313,90","0,08K","-1,29%"
"01.03.2017","1.331,10","1.331,10","1.331,10","1.331,10","0,14K","-0,24%"
"28.02.2017","1.334,30","1.334,30","1.334,30","1.334,30","0,72K","-0,36%"
"27.02.2017","1.339,10","1.339,10","1.339,10","1.339,10","0,54K","0,05%"
"24.02.2017","1.338,40","1.338,40","1.338,40","1.338,40","0,09K","0,50%"
"23.02.2017","1.331,70","1.331,70","1.331,70","1.331,70","0,03K","1,40%"
"22.02.2017","1.313,30","1.313,30","1.313,30","1.313,30","0,00K","-0,45%"
"21.02.2017","1.319,20","1.319,20","1.319,20","1.319,20","0,00K","6,54%"
"20.02.2017","1.238,20","1.237,25","1.240,15","1.233,50","-","0,07%"
"19.02.2017","1.237,30","1.236,00","1.239,25","1.236,00","-","-6,22%"
"17.02.2017","1.319,40","1.319,40","1.319,40","1.319,40","0,30K","-0,25%"
"16.02.2017","1.322,70","1.322,70","1.322,70","1.322,70","0,00K","0,65%"
"15.02.2017","1.314,20","1.314,20","1.314,20","1.314,20","0,18K","0,71%"
"14.02.2017","1.304,90","1.304,90","1.304,90","1.304,90","0,16K","0,00%"
"13.02.2017","1.304,90","1.304,90","1.304,90","1.304,90","0,40K","-0,73%"
"10.02.2017","1.314,50","1.319,00","1.319,00","1.319,00","0,00K","-0,07%"
"09.02.2017","1.315,40","1.315,40","1.315,40","1.315,40","0,89K","-0,22%"
"08.02.2017","1.318,30","1.323,90","1.323,90","1.323,90","0,00K","0,14%"
"07.02.2017","1.316,40","1.314,10","1.314,10","1.314,10","0,00K","0,24%"
"06.02.2017","1.313,30","1.313,30","1.313,30","1.313,30","0,91K","0,85%"
"03.02.2017","1.302,20","1.302,20","1.302,20","1.302,20","0,87K","0,12%"
"02.02.2017","1.300,60","1.300,60","1.300,60","1.300,60","1,51K","0,86%"
"01.02.2017","1.289,50","1.289,00","1.291,00","1.289,00","0,00K","-0,18%"
"31.01.2017","1.291,80","1.291,80","1.291,80","1.291,80","3,21K","1,21%"
"30.01.2017","1.276,40","1.276,40","1.276,40","1.276,40","50,50K","0,37%"
"27.01.2017","1.271,70","1.271,70","1.271,70","1.271,70","0,02K","-0,09%"
"26.01.2017","1.272,90","1.275,10","1.275,10","1.275,10","0,01K","-0,64%"
"25.01.2017","1.281,10","1.281,10","1.281,10","1.281,10","0,40K","-1,00%"
"24.01.2017","1.294,10","1.299,60","1.299,60","1.295,40","0,01K","-0,37%"
"23.01.2017","1.298,90","1.298,90","1.298,90","1.298,90","0,02K","0,75%"
"20.01.2017","1.289,20","1.289,20","1.289,20","1.289,20","0,04K","0,29%"
"19.01.2017","1.285,50","1.284,00","1.284,00","1.284,00","0,00K","-0,79%"
"18.01.2017","1.295,70","1.295,70","1.295,70","1.295,70","0,11K","-0,13%"
"17.01.2017","1.297,40","1.297,40","1.297,40","1.297,40","0,08K","7,86%"
"16.01.2017","1.202,85","1.203,25","1.208,45","1.200,00","-","-0,04%"
"15.01.2017","1.203,35","1.197,30","1.205,05","1.197,30","-","-6,08%"
"13.01.2017","1.281,30","1.281,30","1.281,30","1.281,30","0,02K","-0,16%"
"12.01.2017","1.283,30","1.283,30","1.283,30","1.283,30","0,11K","0,26%"
"11.01.2017","1.280,00","1.280,00","1.280,00","1.280,00","0,02K","0,91%"
"10.01.2017","1.268,50","1.268,50","1.268,50","1.268,50","0,00K","0,07%"
"09.01.2017","1.267,60","1.262,80","1.262,80","1.262,80","0,00K","0,95%"
"06.01.2017","1.255,70","1.256,00","1.256,00","1.256,00","0,01K","-0,51%"
"05.01.2017","1.262,10","1.262,10","1.262,10","1.262,10","0,01K","1,20%"
"04.01.2017","1.247,10","1.247,10","1.247,10","1.247,10","0,04K","0,19%"
"03.01.2017","1.244,70","1.232,40","1.234,00","1.232,40","0,00K","8,14%"
"02.01.2017","1.151,05","1.151,00","1.153,25","1.150,00","-","-6,76%"